[{"participants": 148, "male": 148, "female": 0, "medal": 48, "country": "GRE"}, {"participants": 25, "male": 25, "female": 0, "medal": 9, "country": "GBR"}, {"participants": 8, "male": 8, "female": 0, "medal": 3, "country": "SUI"}, {"participants": 27, "male": 27, "female": 0, "medal": 20, "country": "USA"}, {"participants": 94, "male": 94, "female": 0, "medal": 32, "country": "GER"}, {"participants": 26, "male": 26, "female": 0, "medal": 11, "country": "FRA"}, {"participants": 18, "male": 18, "female": 0, "medal": 6, "country": "HUN"}, {"participants": 5, "male": 5, "female": 0, "medal": 3, "country": "AUS"}, {"participants": 8, "male": 8, "female": 0, "medal": 5, "country": "AUT"}, {"participants": 15, "male": 15, "female": 0, "medal": 6, "country": "DEN"}, {"participants": 1, "male": 1, "female": 0, "medal": 0, "country": "ITA"}, {"participants": 5, "male": 5, "female": 0, "medal": 0, "country": "SWE"}]