[{"participants": 36, "male": 36, "female": 0, "medal": 9, "country": "DEN"}, {"participants": 103, "male": 103, "female": 0, "medal": 45, "country": "GER"}, {"participants": 135, "male": 126, "female": 9, "medal": 63, "country": "USA"}, {"participants": 1071, "male": 1055, "female": 16, "medal": 235, "country": "FRA"}, {"participants": 26, "male": 26, "female": 0, "medal": 6, "country": "AUT"}, {"participants": 29, "male": 29, "female": 0, "medal": 9, "country": "NOR"}, {"participants": 146, "male": 144, "female": 2, "medal": 108, "country": "GBR"}, {"participants": 36, "male": 35, "female": 1, "medal": 5, "country": "ITA"}, {"participants": 100, "male": 100, "female": 0, "medal": 43, "country": "BEL"}, {"participants": 34, "male": 34, "female": 0, "medal": 5, "country": "HUN"}, {"participants": 52, "male": 49, "female": 3, "medal": 21, "country": "SUI"}, {"participants": 73, "male": 73, "female": 0, "medal": 27, "country": "NED"}, {"participants": 27, "male": 27, "female": 0, "medal": 4, "country": "SWE"}, {"participants": 1, "male": 1, "female": 0, "medal": 0, "country": "ARG"}, {"participants": 12, "male": 12, "female": 0, "medal": 2, "country": "ESP"}, {"participants": 4, "male": 4, "female": 0, "medal": 1, "country": "HAI"}, {"participants": 2, "male": 2, "female": 0, "medal": 0, "country": "PER"}, {"participants": 5, "male": 5, "female": 0, "medal": 0, "country": "RUS"}, {"participants": 9, "male": 7, "female": 2, "medal": 3, "country": "BOH"}, {"participants": 3, "male": 3, "female": 0, "medal": 3, "country": "MEX"}, {"participants": 2, "male": 2, "female": 0, "medal": 2, "country": "CUB"}, {"participants": 7, "male": 7, "female": 0, "medal": 2, "country": "CAN"}, {"participants": 1, "male": 1, "female": 0, "medal": 1, "country": "COL"}, {"participants": 3, "male": 3, "female": 0, "medal": 0, "country": "BRA"}, {"participants": 6, "male": 6, "female": 0, "medal": 6, "country": "AUS"}, {"participants": 1, "male": 1, "female": 0, "medal": 1, "country": "NZL"}, {"participants": 1, "male": 1, "female": 0, "medal": 0, "country": "IRI"}, {"participants": 4, "male": 4, "female": 0, "medal": 0, "country": "GRE"}, {"participants": 1, "male": 1, "female": 0, "medal": 0, "country": "ROU"}, {"participants": 5, "male": 5, "female": 0, "medal": 2, "country": "IND"}, {"participants": 1, "male": 1, "female": 0, "medal": 1, "country": "LUX"}]