[{"participants": 1109, "male": 1093, "female": 16, "medal": 394, "country": "USA"}, {"participants": 61, "male": 61, "female": 0, "medal": 48, "country": "CAN"}, {"participants": 1, "male": 1, "female": 0, "medal": 0, "country": "ITA"}, {"participants": 55, "male": 55, "female": 0, "medal": 16, "country": "GER"}, {"participants": 6, "male": 6, "female": 0, "medal": 5, "country": "CUB"}, {"participants": 2, "male": 2, "female": 0, "medal": 2, "country": "FRA"}, {"participants": 6, "male": 6, "female": 0, "medal": 2, "country": "GBR"}, {"participants": 9, "male": 9, "female": 0, "medal": 4, "country": "HUN"}, {"participants": 17, "male": 17, "female": 0, "medal": 2, "country": "GRE"}, {"participants": 6, "male": 6, "female": 0, "medal": 2, "country": "NOR"}, {"participants": 1, "male": 1, "female": 0, "medal": 0, "country": "NFL"}, {"participants": 6, "male": 6, "female": 0, "medal": 4, "country": "AUS"}, {"participants": 8, "male": 8, "female": 0, "medal": 0, "country": "RSA"}, {"participants": 7, "male": 7, "female": 0, "medal": 3, "country": "SUI"}, {"participants": 7, "male": 7, "female": 0, "medal": 4, "country": "AUT"}]