[{"participants": 484, "male": 475, "female": 9, "medal": 102, "country": "GRE"}, {"participants": 157, "male": 157, "female": 0, "medal": 30, "country": "GER"}, {"participants": 113, "male": 113, "female": 0, "medal": 39, "country": "GBR"}, {"participants": 18, "male": 18, "female": 0, "medal": 4, "country": "FIN"}, {"participants": 103, "male": 103, "female": 0, "medal": 56, "country": "ITA"}, {"participants": 68, "male": 68, "female": 0, "medal": 34, "country": "DEN"}, {"participants": 55, "male": 55, "female": 0, "medal": 25, "country": "NOR"}, {"participants": 95, "male": 95, "female": 0, "medal": 21, "country": "SWE"}, {"participants": 11, "male": 11, "female": 0, "medal": 0, "country": "CRT"}, {"participants": 99, "male": 99, "female": 0, "medal": 13, "country": "HUN"}, {"participants": 4, "male": 4, "female": 0, "medal": 2, "country": "CAN"}, {"participants": 100, "male": 100, "female": 0, "medal": 9, "country": "AUT"}, {"participants": 81, "male": 81, "female": 0, "medal": 24, "country": "USA"}, {"participants": 174, "male": 172, "female": 2, "medal": 64, "country": "FRA"}, {"participants": 10, "male": 10, "female": 0, "medal": 3, "country": "AUS"}, {"participants": 49, "male": 49, "female": 0, "medal": 6, "country": "NED"}, {"participants": 31, "male": 31, "female": 0, "medal": 11, "country": "BEL"}, {"participants": 5, "male": 5, "female": 0, "medal": 0, "country": "EGY"}, {"participants": 29, "male": 29, "female": 0, "medal": 3, "country": "BOH"}, {"participants": 45, "male": 45, "female": 0, "medal": 12, "country": "SUI"}, {"participants": 2, "male": 2, "female": 0, "medal": 0, "country": "TUR"}]