[{"participants": 97, "male": 97, "female": 0, "medal": 8, "country": "ITA"}, {"participants": 148, "male": 146, "female": 2, "medal": 21, "country": "GER"}, {"participants": 972, "male": 930, "female": 42, "medal": 368, "country": "GBR"}, {"participants": 219, "male": 219, "female": 0, "medal": 65, "country": "USA"}, {"participants": 276, "male": 273, "female": 3, "medal": 84, "country": "SWE"}, {"participants": 107, "male": 107, "female": 0, "medal": 17, "country": "DEN"}, {"participants": 48, "male": 48, "female": 0, "medal": 19, "country": "ANZ"}, {"participants": 319, "male": 319, "female": 0, "medal": 40, "country": "FRA"}, {"participants": 103, "male": 103, "female": 0, "medal": 42, "country": "NOR"}, {"participants": 148, "male": 148, "female": 0, "medal": 52, "country": "CAN"}, {"participants": 99, "male": 99, "female": 0, "medal": 33, "country": "BEL"}, {"participants": 107, "male": 107, "female": 0, "medal": 20, "country": "HUN"}, {"participants": 94, "male": 94, "female": 0, "medal": 30, "country": "FIN"}, {"participants": 49, "male": 49, "female": 0, "medal": 4, "country": "GRE"}, {"participants": 41, "male": 41, "female": 0, "medal": 6, "country": "BOH"}, {"participants": 218, "male": 218, "female": 0, "medal": 16, "country": "NED"}, {"participants": 33, "male": 33, "female": 0, "medal": 2, "country": "RSA"}, {"participants": 7, "male": 7, "female": 0, "medal": 3, "country": "RUS"}, {"participants": 13, "male": 13, "female": 0, "medal": 1, "country": "AUT"}, {"participants": 1, "male": 1, "female": 0, "medal": 0, "country": "ISL"}, {"participants": 1, "male": 1, "female": 0, "medal": 0, "country": "ARG"}, {"participants": 1, "male": 1, "female": 0, "medal": 0, "country": "SUI"}]