[{"participants": 233, "male": 231, "female": 2, "medal": 71, "country": "FIN"}, {"participants": 263, "male": 260, "female": 3, "medal": 80, "country": "NOR"}, {"participants": 714, "male": 676, "female": 38, "medal": 190, "country": "SWE"}, {"participants": 312, "male": 302, "female": 10, "medal": 53, "country": "GER"}, {"participants": 461, "male": 444, "female": 17, "medal": 170, "country": "GBR"}, {"participants": 44, "male": 44, "female": 0, "medal": 0, "country": "LUX"}, {"participants": 232, "male": 230, "female": 2, "medal": 26, "country": "FRA"}, {"participants": 207, "male": 207, "female": 0, "medal": 30, "country": "HUN"}, {"participants": 364, "male": 364, "female": 0, "medal": 107, "country": "USA"}, {"participants": 132, "male": 122, "female": 10, "medal": 14, "country": "AUT"}, {"participants": 266, "male": 266, "female": 0, "medal": 14, "country": "RUS"}, {"participants": 72, "male": 71, "female": 1, "medal": 19, "country": "BEL"}, {"participants": 96, "male": 96, "female": 0, "medal": 25, "country": "ITA"}, {"participants": 28, "male": 28, "female": 0, "medal": 0, "country": "CHI"}, {"participants": 233, "male": 231, "female": 2, "medal": 87, "country": "DEN"}, {"participants": 77, "male": 77, "female": 0, "medal": 2, "country": "GRE"}, {"participants": 74, "male": 74, "female": 0, "medal": 0, "country": "BOH"}, {"participants": 60, "male": 60, "female": 0, "medal": 8, "country": "CAN"}, {"participants": 45, "male": 45, "female": 0, "medal": 26, "country": "NED"}, {"participants": 38, "male": 36, "female": 2, "medal": 10, "country": "ANZ"}, {"participants": 56, "male": 56, "female": 0, "medal": 7, "country": "RSA"}, {"participants": 8, "male": 8, "female": 0, "medal": 0, "country": "POR"}, {"participants": 7, "male": 7, "female": 0, "medal": 2, "country": "SUI"}, {"participants": 2, "male": 2, "female": 0, "medal": 0, "country": "UNK"}, {"participants": 2, "male": 2, "female": 0, "medal": 0, "country": "ISL"}, {"participants": 4, "male": 4, "female": 0, "medal": 0, "country": "JPN"}, {"participants": 2, "male": 2, "female": 0, "medal": 0, "country": "SRB"}, {"participants": 7, "male": 7, "female": 0, "medal": 0, "country": "TUR"}, {"participants": 1, "male": 1, "female": 0, "medal": 0, "country": "POL"}]