[{"participants": 246, "male": 239, "female": 7, "medal": 71, "country": "DEN"}, {"participants": 136, "male": 135, "female": 1, "medal": 52, "country": "FIN"}, {"participants": 267, "male": 261, "female": 6, "medal": 137, "country": "NOR"}, {"participants": 22, "male": 22, "female": 0, "medal": 0, "country": "EGY"}, {"participants": 345, "male": 314, "female": 31, "medal": 111, "country": "GBR"}, {"participants": 404, "male": 381, "female": 23, "medal": 154, "country": "SWE"}, {"participants": 111, "male": 111, "female": 0, "medal": 23, "country": "ESP"}, {"participants": 473, "male": 451, "female": 22, "medal": 194, "country": "USA"}, {"participants": 126, "male": 126, "female": 0, "medal": 29, "country": "SUI"}, {"participants": 518, "male": 500, "female": 18, "medal": 188, "country": "BEL"}, {"participants": 452, "male": 437, "female": 15, "medal": 141, "country": "FRA"}, {"participants": 291, "male": 289, "female": 2, "medal": 84, "country": "ITA"}, {"participants": 35, "male": 35, "female": 0, "medal": 1, "country": "LUX"}, {"participants": 38, "male": 38, "female": 0, "medal": 7, "country": "BRA"}, {"participants": 98, "male": 98, "female": 0, "medal": 5, "country": "GRE"}, {"participants": 182, "male": 181, "female": 1, "medal": 10, "country": "TCH"}, {"participants": 7, "male": 7, "female": 0, "medal": 0, "country": "IND"}, {"participants": 7, "male": 7, "female": 0, "medal": 0, "country": "MON"}, {"participants": 2, "male": 2, "female": 0, "medal": 0, "country": "CHI"}, {"participants": 85, "male": 85, "female": 0, "medal": 16, "country": "CAN"}, {"participants": 29, "male": 26, "female": 3, "medal": 7, "country": "AUS"}, {"participants": 213, "male": 212, "female": 1, "medal": 50, "country": "NED"}, {"participants": 97, "male": 95, "female": 2, "medal": 21, "country": "RSA"}, {"participants": 40, "male": 40, "female": 0, "medal": 0, "country": "POR"}, {"participants": 15, "male": 15, "female": 0, "medal": 0, "country": "YUG"}, {"participants": 6, "male": 4, "female": 2, "medal": 1, "country": "NZL"}, {"participants": 26, "male": 26, "female": 0, "medal": 3, "country": "JPN"}, {"participants": 20, "male": 20, "female": 0, "medal": 3, "country": "EST"}, {"participants": 1, "male": 1, "female": 0, "medal": 0, "country": "ARG"}]