[{"participants": 253, "male": 253, "female": 0, "medal": 52, "country": "FIN"}, {"participants": 105, "male": 101, "female": 4, "medal": 22, "country": "NOR"}, {"participants": 31, "male": 31, "female": 0, "medal": 0, "country": "BUL"}, {"participants": 18, "male": 18, "female": 0, "medal": 0, "country": "CHI"}, {"participants": 262, "male": 257, "female": 5, "medal": 60, "country": "SUI"}, {"participants": 9, "male": 9, "female": 0, "medal": 1, "country": "MON"}, {"participants": 428, "male": 389, "female": 39, "medal": 64, "country": "GBR"}, {"participants": 636, "male": 586, "female": 50, "medal": 110, "country": "FRA"}, {"participants": 234, "male": 224, "female": 10, "medal": 39, "country": "BEL"}, {"participants": 140, "male": 136, "female": 4, "medal": 22, "country": "HUN"}, {"participants": 100, "male": 99, "female": 1, "medal": 5, "country": "POL"}, {"participants": 56, "male": 53, "female": 3, "medal": 4, "country": "AUT"}, {"participants": 256, "male": 230, "female": 26, "medal": 72, "country": "SWE"}, {"participants": 246, "male": 231, "female": 15, "medal": 27, "country": "NED"}, {"participants": 30, "male": 30, "female": 0, "medal": 0, "country": "EGY"}, {"participants": 28, "male": 28, "female": 0, "medal": 0, "country": "MEX"}, {"participants": 109, "male": 109, "female": 0, "medal": 10, "country": "ARG"}, {"participants": 23, "male": 23, "female": 0, "medal": 0, "country": "TUR"}, {"participants": 333, "male": 326, "female": 7, "medal": 51, "country": "ITA"}, {"participants": 459, "male": 424, "female": 35, "medal": 182, "country": "USA"}, {"participants": 13, "male": 13, "female": 0, "medal": 0, "country": "CUB"}, {"participants": 151, "male": 145, "female": 6, "medal": 0, "country": "ESP"}, {"participants": 122, "male": 120, "female": 2, "medal": 2, "country": "LUX"}, {"participants": 79, "male": 77, "female": 2, "medal": 1, "country": "GRE"}, {"participants": 158, "male": 139, "female": 19, "medal": 14, "country": "DEN"}, {"participants": 40, "male": 40, "female": 0, "medal": 14, "country": "URU"}, {"participants": 60, "male": 59, "female": 1, "medal": 10, "country": "AUS"}, {"participants": 242, "male": 238, "female": 4, "medal": 10, "country": "TCH"}, {"participants": 13, "male": 13, "female": 0, "medal": 0, "country": "LTU"}, {"participants": 47, "male": 47, "female": 0, "medal": 6, "country": "EST"}, {"participants": 47, "male": 47, "female": 0, "medal": 0, "country": "LAT"}, {"participants": 116, "male": 116, "female": 0, "medal": 2, "country": "YUG"}, {"participants": 16, "male": 16, "female": 0, "medal": 5, "country": "HAI"}, {"participants": 45, "male": 45, "female": 0, "medal": 16, "country": "ROU"}, {"participants": 83, "male": 83, "female": 0, "medal": 20, "country": "CAN"}, {"participants": 44, "male": 44, "female": 0, "medal": 3, "country": "RSA"}, {"participants": 60, "male": 54, "female": 6, "medal": 2, "country": "IRL"}, {"participants": 47, "male": 47, "female": 0, "medal": 4, "country": "POR"}, {"participants": 18, "male": 18, "female": 0, "medal": 0, "country": "BRA"}, {"participants": 37, "male": 37, "female": 0, "medal": 1, "country": "JPN"}, {"participants": 24, "male": 22, "female": 2, "medal": 0, "country": "IND"}, {"participants": 6, "male": 4, "female": 2, "medal": 1, "country": "NZL"}, {"participants": 4, "male": 4, "female": 0, "medal": 0, "country": "ECU"}, {"participants": 2, "male": 2, "female": 0, "medal": 0, "country": "PHI"}, {"participants": 3, "male": 2, "female": 1, "medal": 0, "country": "RUS"}]