[{"participants": 79, "male": 79, "female": 0, "medal": 9, "country": "NOR"}, {"participants": 43, "male": 43, "female": 0, "medal": 4, "country": "EGY"}, {"participants": 426, "male": 372, "female": 54, "medal": 88, "country": "USA"}, {"participants": 24, "male": 24, "female": 0, "medal": 14, "country": "IND"}, {"participants": 236, "male": 235, "female": 1, "medal": 30, "country": "SUI"}, {"participants": 399, "male": 355, "female": 44, "medal": 77, "country": "GER"}, {"participants": 354, "male": 316, "female": 38, "medal": 58, "country": "GBR"}, {"participants": 113, "male": 101, "female": 12, "medal": 33, "country": "CAN"}, {"participants": 139, "male": 121, "female": 18, "medal": 37, "country": "SWE"}, {"participants": 260, "male": 244, "female": 16, "medal": 5, "country": "BEL"}, {"participants": 422, "male": 368, "female": 54, "medal": 50, "country": "FRA"}, {"participants": 384, "male": 329, "female": 55, "medal": 57, "country": "NED"}, {"participants": 273, "male": 252, "female": 21, "medal": 72, "country": "ITA"}, {"participants": 55, "male": 55, "female": 0, "medal": 0, "country": "MEX"}, {"participants": 132, "male": 130, "female": 2, "medal": 25, "country": "FIN"}, {"participants": 122, "male": 110, "female": 12, "medal": 15, "country": "DEN"}, {"participants": 56, "male": 54, "female": 2, "medal": 9, "country": "JPN"}, {"participants": 13, "male": 12, "female": 1, "medal": 0, "country": "LTU"}, {"participants": 98, "male": 98, "female": 0, "medal": 26, "country": "ARG"}, {"participants": 33, "male": 31, "female": 2, "medal": 0, "country": "ROU"}, {"participants": 106, "male": 106, "female": 0, "medal": 3, "country": "ESP"}, {"participants": 46, "male": 46, "female": 0, "medal": 1, "country": "CHI"}, {"participants": 107, "male": 105, "female": 2, "medal": 1, "country": "LUX"}, {"participants": 39, "male": 39, "female": 0, "medal": 6, "country": "POR"}, {"participants": 47, "male": 47, "female": 0, "medal": 0, "country": "GRE"}, {"participants": 17, "male": 17, "female": 0, "medal": 17, "country": "URU"}, {"participants": 113, "male": 107, "female": 6, "medal": 5, "country": "AUT"}, {"participants": 44, "male": 37, "female": 7, "medal": 1, "country": "IRL"}, {"participants": 146, "male": 132, "female": 14, "medal": 20, "country": "POL"}, {"participants": 86, "male": 86, "female": 0, "medal": 12, "country": "YUG"}, {"participants": 147, "male": 146, "female": 1, "medal": 16, "country": "TCH"}, {"participants": 40, "male": 40, "female": 0, "medal": 0, "country": "TUR"}, {"participants": 40, "male": 28, "female": 12, "medal": 6, "country": "RSA"}, {"participants": 219, "male": 203, "female": 16, "medal": 21, "country": "HUN"}, {"participants": 12, "male": 12, "female": 0, "medal": 0, "country": "MON"}, {"participants": 1, "male": 1, "female": 0, "medal": 0, "country": "CUB"}, {"participants": 24, "male": 22, "female": 2, "medal": 0, "country": "LAT"}, {"participants": 2, "male": 2, "female": 0, "medal": 0, "country": "ZIM"}, {"participants": 29, "male": 22, "female": 7, "medal": 4, "country": "AUS"}, {"participants": 9, "male": 9, "female": 0, "medal": 0, "country": "MLT"}, {"participants": 3, "male": 3, "female": 0, "medal": 1, "country": "HAI"}, {"participants": 13, "male": 8, "female": 5, "medal": 1, "country": "NZL"}, {"participants": 23, "male": 23, "female": 0, "medal": 9, "country": "EST"}, {"participants": 6, "male": 6, "female": 0, "medal": 1, "country": "PHI"}, {"participants": 2, "male": 2, "female": 0, "medal": 0, "country": "PAN"}, {"participants": 10, "male": 10, "female": 0, "medal": 0, "country": "BUL"}]