[{"participants": 80, "male": 55, "female": 25, "medal": 13, "country": "NED"}, {"participants": 743, "male": 619, "female": 124, "medal": 189, "country": "USA"}, {"participants": 69, "male": 44, "female": 25, "medal": 1, "country": "BEL"}, {"participants": 159, "male": 148, "female": 11, "medal": 40, "country": "FRA"}, {"participants": 8, "male": 8, "female": 0, "medal": 3, "country": "PHI"}, {"participants": 154, "male": 154, "female": 0, "medal": 77, "country": "ITA"}, {"participants": 66, "male": 66, "female": 0, "medal": 29, "country": "FIN"}, {"participants": 128, "male": 123, "female": 5, "medal": 32, "country": "SWE"}, {"participants": 170, "male": 144, "female": 26, "medal": 35, "country": "GBR"}, {"participants": 100, "male": 98, "female": 2, "medal": 2, "country": "MEX"}, {"participants": 202, "male": 184, "female": 18, "medal": 43, "country": "GER"}, {"participants": 26, "male": 26, "female": 0, "medal": 15, "country": "IND"}, {"participants": 8, "male": 8, "female": 0, "medal": 1, "country": "ESP"}, {"participants": 67, "male": 64, "female": 3, "medal": 0, "country": "BRA"}, {"participants": 94, "male": 72, "female": 22, "medal": 11, "country": "DEN"}, {"participants": 203, "male": 176, "female": 27, "medal": 31, "country": "JPN"}, {"participants": 191, "male": 165, "female": 26, "medal": 39, "country": "CAN"}, {"participants": 47, "male": 47, "female": 0, "medal": 4, "country": "ARG"}, {"participants": 118, "male": 116, "female": 2, "medal": 33, "country": "HUN"}, {"participants": 44, "male": 44, "female": 0, "medal": 6, "country": "TCH"}, {"participants": 20, "male": 15, "female": 5, "medal": 5, "country": "RSA"}, {"participants": 71, "male": 59, "female": 12, "medal": 21, "country": "POL"}, {"participants": 20, "male": 15, "female": 5, "medal": 5, "country": "AUS"}, {"participants": 13, "male": 13, "female": 0, "medal": 1, "country": "LAT"}, {"participants": 3, "male": 3, "female": 0, "medal": 0, "country": "PER"}, {"participants": 29, "male": 28, "female": 1, "medal": 2, "country": "NZL"}, {"participants": 33, "male": 30, "female": 3, "medal": 5, "country": "AUT"}, {"participants": 3, "male": 3, "female": 0, "medal": 0, "country": "HAI"}, {"participants": 16, "male": 16, "female": 0, "medal": 0, "country": "GRE"}, {"participants": 18, "male": 15, "female": 3, "medal": 2, "country": "IRL"}, {"participants": 2, "male": 2, "female": 0, "medal": 0, "country": "ROU"}, {"participants": 3, "male": 3, "female": 0, "medal": 0, "country": "CUB"}, {"participants": 8, "male": 7, "female": 1, "medal": 0, "country": "NOR"}, {"participants": 9, "male": 9, "female": 0, "medal": 1, "country": "SUI"}, {"participants": 8, "male": 8, "female": 0, "medal": 0, "country": "POR"}, {"participants": 2, "male": 2, "female": 0, "medal": 0, "country": "COL"}, {"participants": 4, "male": 4, "female": 0, "medal": 0, "country": "ESA"}, {"participants": 6, "male": 6, "female": 0, "medal": 1, "country": "URU"}, {"participants": 1, "male": 1, "female": 0, "medal": 0, "country": "VEN"}, {"participants": 11, "male": 11, "female": 0, "medal": 0, "country": "LUX"}, {"participants": 3, "male": 3, "female": 0, "medal": 0, "country": "EST"}, {"participants": 2, "male": 2, "female": 0, "medal": 0, "country": "BUL"}, {"participants": 2, "male": 2, "female": 0, "medal": 0, "country": "CHN"}, {"participants": 1, "male": 0, "female": 1, "medal": 0, "country": "GUA"}, {"participants": 1, "male": 1, "female": 0, "medal": 0, "country": "YUG"}, {"participants": 2, "male": 2, "female": 0, "medal": 0, "country": "TUR"}, {"participants": 1, "male": 1, "female": 0, "medal": 0, "country": "MON"}]