[{"participants": 36, "male": 36, "female": 0, "medal": 7, "country": "EST"}, {"participants": 84, "male": 81, "female": 3, "medal": 28, "country": "NOR"}, {"participants": 335, "male": 311, "female": 24, "medal": 41, "country": "HUN"}, {"participants": 349, "male": 329, "female": 20, "medal": 76, "country": "ITA"}, {"participants": 66, "male": 66, "female": 0, "medal": 5, "country": "EGY"}, {"participants": 325, "male": 299, "female": 26, "medal": 23, "country": "JPN"}, {"participants": 11, "male": 11, "female": 0, "medal": 0, "country": "MON"}, {"participants": 250, "male": 207, "female": 43, "medal": 36, "country": "GBR"}, {"participants": 118, "male": 116, "female": 2, "medal": 1, "country": "ROU"}, {"participants": 32, "male": 32, "female": 0, "medal": 16, "country": "MEX"}, {"participants": 56, "male": 55, "female": 1, "medal": 0, "country": "CHI"}, {"participants": 487, "male": 429, "female": 58, "medal": 96, "country": "USA"}, {"participants": 581, "male": 529, "female": 52, "medal": 224, "country": "GER"}, {"participants": 167, "male": 140, "female": 27, "medal": 22, "country": "CAN"}, {"participants": 62, "male": 60, "female": 2, "medal": 2, "country": "TUR"}, {"participants": 205, "male": 200, "female": 5, "medal": 14, "country": "BEL"}, {"participants": 40, "male": 40, "female": 0, "medal": 0, "country": "URU"}, {"participants": 40, "male": 40, "female": 0, "medal": 1, "country": "PHI"}, {"participants": 231, "male": 217, "female": 14, "medal": 35, "country": "SWE"}, {"participants": 328, "male": 322, "female": 6, "medal": 52, "country": "SUI"}, {"participants": 16, "male": 16, "female": 0, "medal": 0, "country": "AFG"}, {"participants": 68, "male": 67, "female": 1, "medal": 11, "country": "ARG"}, {"participants": 186, "male": 176, "female": 10, "medal": 27, "country": "FIN"}, {"participants": 94, "male": 86, "female": 8, "medal": 0, "country": "BRA"}, {"participants": 177, "male": 158, "female": 19, "medal": 12, "country": "POL"}, {"participants": 46, "male": 46, "female": 0, "medal": 0, "country": "PER"}, {"participants": 303, "male": 290, "female": 13, "medal": 44, "country": "FRA"}, {"participants": 30, "male": 30, "female": 0, "medal": 19, "country": "IND"}, {"participants": 363, "male": 338, "female": 25, "medal": 55, "country": "AUT"}, {"participants": 173, "male": 152, "female": 21, "medal": 6, "country": "DEN"}, {"participants": 33, "male": 33, "female": 0, "medal": 2, "country": "LAT"}, {"participants": 26, "male": 26, "female": 0, "medal": 3, "country": "POR"}, {"participants": 85, "male": 85, "female": 0, "medal": 0, "country": "BUL"}, {"participants": 64, "male": 62, "female": 2, "medal": 0, "country": "GRE"}, {"participants": 9, "male": 9, "female": 0, "medal": 1, "country": "NZL"}, {"participants": 293, "male": 276, "female": 17, "medal": 18, "country": "TCH"}, {"participants": 39, "male": 33, "female": 6, "medal": 1, "country": "AUS"}, {"participants": 227, "male": 195, "female": 32, "medal": 37, "country": "NED"}, {"participants": 173, "male": 158, "female": 15, "medal": 1, "country": "YUG"}, {"participants": 65, "male": 62, "female": 3, "medal": 0, "country": "CHN"}, {"participants": 9, "male": 9, "female": 0, "medal": 0, "country": "BER"}, {"participants": 11, "male": 11, "female": 0, "medal": 0, "country": "MLT"}, {"participants": 54, "male": 42, "female": 12, "medal": 1, "country": "RSA"}, {"participants": 129, "male": 128, "female": 1, "medal": 0, "country": "LUX"}, {"participants": 2, "male": 2, "female": 0, "medal": 0, "country": "BOL"}, {"participants": 1, "male": 1, "female": 0, "medal": 0, "country": "CRC"}, {"participants": 6, "male": 6, "female": 0, "medal": 0, "country": "COL"}, {"participants": 8, "male": 8, "female": 0, "medal": 0, "country": "LIE"}, {"participants": 13, "male": 13, "female": 0, "medal": 0, "country": "ISL"}]