[{"participants": 215, "male": 208, "female": 7, "medal": 33, "country": "FIN"}, {"participants": 97, "male": 91, "female": 6, "medal": 18, "country": "NOR"}, {"participants": 39, "male": 39, "female": 0, "medal": 1, "country": "IRI"}, {"participants": 166, "male": 166, "female": 0, "medal": 5, "country": "EGY"}, {"participants": 44, "male": 44, "female": 0, "medal": 0, "country": "PAK"}, {"participants": 4, "male": 4, "female": 0, "medal": 0, "country": "MON"}, {"participants": 79, "male": 78, "female": 1, "medal": 3, "country": "URU"}, {"participants": 223, "male": 198, "female": 25, "medal": 75, "country": "SWE"}, {"participants": 87, "male": 86, "female": 1, "medal": 12, "country": "TUR"}, {"participants": 310, "male": 285, "female": 25, "medal": 67, "country": "ITA"}, {"participants": 72, "male": 64, "female": 8, "medal": 0, "country": "CHI"}, {"participants": 253, "male": 224, "female": 29, "medal": 51, "country": "DEN"}, {"participants": 149, "male": 140, "female": 9, "medal": 9, "country": "MEX"}, {"participants": 433, "male": 383, "female": 50, "medal": 72, "country": "FRA"}, {"participants": 52, "male": 45, "female": 7, "medal": 2, "country": "POL"}, {"participants": 84, "male": 84, "female": 0, "medal": 3, "country": "ESP"}, {"participants": 182, "male": 159, "female": 23, "medal": 15, "country": "BEL"}, {"participants": 590, "male": 488, "female": 102, "medal": 61, "country": "GBR"}, {"participants": 31, "male": 31, "female": 0, "medal": 0, "country": "PHI"}, {"participants": 287, "male": 277, "female": 10, "medal": 36, "country": "SUI"}, {"participants": 25, "male": 25, "female": 0, "medal": 0, "country": "AFG"}, {"participants": 103, "male": 85, "female": 18, "medal": 16, "country": "AUS"}, {"participants": 112, "male": 112, "female": 0, "medal": 2, "country": "CUB"}, {"participants": 295, "male": 275, "female": 20, "medal": 11, "country": "ARG"}, {"participants": 83, "male": 77, "female": 6, "medal": 1, "country": "IRL"}, {"participants": 89, "male": 89, "female": 0, "medal": 20, "country": "IND"}, {"participants": 424, "male": 366, "female": 58, "medal": 152, "country": "USA"}, {"participants": 13, "male": 13, "female": 0, "medal": 0, "country": "IRQ"}, {"participants": 49, "male": 49, "female": 0, "medal": 1, "country": "PER"}, {"participants": 11, "male": 11, "female": 0, "medal": 0, "country": "COL"}, {"participants": 105, "male": 83, "female": 22, "medal": 10, "country": "BRA"}, {"participants": 162, "male": 150, "female": 12, "medal": 16, "country": "YUG"}, {"participants": 239, "male": 197, "female": 42, "medal": 8, "country": "AUT"}, {"participants": 48, "male": 47, "female": 1, "medal": 2, "country": "KOR"}, {"participants": 222, "male": 195, "female": 27, "medal": 62, "country": "HUN"}, {"participants": 187, "male": 141, "female": 46, "medal": 42, "country": "NED"}, {"participants": 115, "male": 111, "female": 4, "medal": 0, "country": "LUX"}, {"participants": 97, "male": 96, "female": 1, "medal": 0, "country": "GRE"}, {"participants": 27, "male": 24, "female": 3, "medal": 0, "country": "ISL"}, {"participants": 43, "male": 41, "female": 2, "medal": 6, "country": "RSA"}, {"participants": 188, "male": 156, "female": 32, "medal": 7, "country": "CAN"}, {"participants": 153, "male": 138, "female": 15, "medal": 20, "country": "TCH"}, {"participants": 9, "male": 9, "female": 0, "medal": 1, "country": "PUR"}, {"participants": 28, "male": 23, "female": 5, "medal": 0, "country": "BER"}, {"participants": 65, "male": 65, "female": 0, "medal": 5, "country": "POR"}, {"participants": 9, "male": 9, "female": 0, "medal": 0, "country": "LIB"}, {"participants": 26, "male": 17, "female": 9, "medal": 3, "country": "JAM"}, {"participants": 2, "male": 2, "female": 0, "medal": 0, "country": "LIE"}, {"participants": 8, "male": 7, "female": 1, "medal": 0, "country": "NZL"}, {"participants": 33, "male": 32, "female": 1, "medal": 0, "country": "CHN"}, {"participants": 7, "male": 7, "female": 0, "medal": 0, "country": "GUY"}, {"participants": 10, "male": 10, "female": 0, "medal": 1, "country": "SRI"}, {"participants": 9, "male": 9, "female": 0, "medal": 1, "country": "TTO"}, {"participants": 1, "male": 1, "female": 0, "medal": 0, "country": "MLT"}, {"participants": 2, "male": 2, "female": 0, "medal": 2, "country": "PAN"}, {"participants": 2, "male": 2, "female": 0, "medal": 0, "country": "VEN"}, {"participants": 5, "male": 5, "female": 0, "medal": 0, "country": "MYA"}, {"participants": 1, "male": 1, "female": 0, "medal": 0, "country": "SYR"}, {"participants": 1, "male": 1, "female": 0, "medal": 0, "country": "SGP"}]