[{"participants": 412, "male": 324, "female": 88, "medal": 40, "country": "FIN"}, {"participants": 190, "male": 171, "female": 19, "medal": 13, "country": "NOR"}, {"participants": 196, "male": 196, "female": 0, "medal": 1, "country": "EGY"}, {"participants": 408, "male": 318, "female": 90, "medal": 40, "country": "FRA"}, {"participants": 51, "male": 51, "female": 0, "medal": 0, "country": "PAK"}, {"participants": 10, "male": 10, "female": 0, "medal": 0, "country": "MON"}, {"participants": 42, "male": 42, "female": 0, "medal": 1, "country": "ESP"}, {"participants": 355, "male": 275, "female": 80, "medal": 70, "country": "SWE"}, {"participants": 241, "male": 180, "female": 61, "medal": 4, "country": "ROU"}, {"participants": 58, "male": 58, "female": 0, "medal": 3, "country": "TUR"}, {"participants": 174, "male": 156, "female": 18, "medal": 6, "country": "ARG"}, {"participants": 42, "male": 41, "female": 1, "medal": 14, "country": "URU"}, {"participants": 9, "male": 9, "female": 0, "medal": 0, "country": "GHA"}, {"participants": 201, "male": 181, "female": 20, "medal": 9, "country": "DEN"}, {"participants": 345, "male": 258, "female": 87, "medal": 102, "country": "HUN"}, {"participants": 154, "male": 128, "female": 26, "medal": 4, "country": "CAN"}, {"participants": 248, "male": 174, "female": 74, "medal": 4, "country": "POL"}, {"participants": 365, "male": 274, "female": 91, "medal": 40, "country": "GER"}, {"participants": 119, "male": 111, "female": 8, "medal": 3, "country": "BRA"}, {"participants": 451, "male": 352, "female": 99, "medal": 134, "country": "USA"}, {"participants": 82, "male": 77, "female": 5, "medal": 4, "country": "CHI"}, {"participants": 23, "male": 23, "female": 0, "medal": 7, "country": "IRI"}, {"participants": 140, "male": 122, "female": 18, "medal": 20, "country": "AUS"}, {"participants": 376, "male": 299, "female": 77, "medal": 54, "country": "ITA"}, {"participants": 57, "male": 57, "female": 0, "medal": 0, "country": "CUB"}, {"participants": 15, "male": 15, "female": 0, "medal": 0, "country": "NGR"}, {"participants": 238, "male": 168, "female": 70, "medal": 3, "country": "AUT"}, {"participants": 180, "male": 93, "female": 87, "medal": 18, "country": "NED"}, {"participants": 251, "male": 239, "female": 12, "medal": 33, "country": "SUI"}, {"participants": 7, "male": 7, "female": 0, "medal": 0, "country": "BAH"}, {"participants": 451, "male": 354, "female": 97, "medal": 117, "country": "URS"}, {"participants": 184, "male": 176, "female": 8, "medal": 8, "country": "BEL"}, {"participants": 401, "male": 300, "female": 101, "medal": 31, "country": "GBR"}, {"participants": 85, "male": 82, "female": 3, "medal": 1, "country": "MEX"}, {"participants": 155, "male": 140, "female": 15, "medal": 2, "country": "POR"}, {"participants": 63, "male": 61, "female": 2, "medal": 1, "country": "VEN"}, {"participants": 31, "male": 27, "female": 4, "medal": 0, "country": "ISR"}, {"participants": 109, "male": 100, "female": 9, "medal": 14, "country": "RSA"}, {"participants": 101, "male": 101, "female": 0, "medal": 1, "country": "LUX"}, {"participants": 179, "male": 121, "female": 58, "medal": 1, "country": "BUL"}, {"participants": 23, "male": 23, "female": 0, "medal": 0, "country": "PUR"}, {"participants": 93, "male": 86, "female": 7, "medal": 0, "country": "SAA"}, {"participants": 94, "male": 87, "female": 7, "medal": 15, "country": "IND"}, {"participants": 133, "male": 116, "female": 17, "medal": 12, "country": "JPN"}, {"participants": 54, "male": 54, "female": 0, "medal": 0, "country": "GRE"}, {"participants": 20, "male": 16, "female": 4, "medal": 3, "country": "NZL"}, {"participants": 28, "male": 28, "female": 0, "medal": 0, "country": "PHI"}, {"participants": 218, "male": 157, "female": 61, "medal": 25, "country": "TCH"}, {"participants": 194, "male": 136, "female": 58, "medal": 24, "country": "YUG"}, {"participants": 12, "male": 8, "female": 4, "medal": 0, "country": "BER"}, {"participants": 35, "male": 33, "female": 2, "medal": 0, "country": "GUA"}, {"participants": 7, "male": 5, "female": 2, "medal": 0, "country": "SGP"}, {"participants": 18, "male": 18, "female": 0, "medal": 0, "country": "ISL"}, {"participants": 11, "male": 11, "female": 0, "medal": 0, "country": "AHO"}, {"participants": 25, "male": 25, "female": 0, "medal": 1, "country": "IRL"}, {"participants": 13, "male": 13, "female": 0, "medal": 0, "country": "VNM"}, {"participants": 1, "male": 1, "female": 0, "medal": 0, "country": "PAN"}, {"participants": 9, "male": 6, "female": 3, "medal": 0, "country": "HKG"}, {"participants": 9, "male": 9, "female": 0, "medal": 2, "country": "LIB"}, {"participants": 22, "male": 21, "female": 1, "medal": 2, "country": "KOR"}, {"participants": 7, "male": 7, "female": 0, "medal": 0, "country": "SRI"}, {"participants": 16, "male": 13, "female": 3, "medal": 8, "country": "JAM"}, {"participants": 2, "male": 2, "female": 0, "medal": 0, "country": "LIE"}, {"participants": 2, "male": 2, "female": 0, "medal": 2, "country": "TTO"}, {"participants": 15, "male": 15, "female": 0, "medal": 0, "country": "THA"}, {"participants": 5, "male": 5, "female": 0, "medal": 0, "country": "MYA"}, {"participants": 1, "male": 1, "female": 0, "medal": 0, "country": "GUY"}, {"participants": 3, "male": 3, "female": 0, "medal": 0, "country": "INA"}, {"participants": 1, "male": 1, "female": 0, "medal": 0, "country": "CHN"}]