[{"participants": 29, "male": 23, "female": 6, "medal": 3, "country": "NOR"}, {"participants": 227, "male": 191, "female": 36, "medal": 33, "country": "FRA"}, {"participants": 82, "male": 67, "female": 15, "medal": 18, "country": "BUL"}, {"participants": 90, "male": 77, "female": 13, "medal": 7, "country": "RSA"}, {"participants": 12, "male": 12, "female": 0, "medal": 0, "country": "AFG"}, {"participants": 57, "male": 46, "female": 11, "medal": 3, "country": "NZL"}, {"participants": 82, "male": 77, "female": 5, "medal": 2, "country": "BEL"}, {"participants": 412, "male": 341, "female": 71, "medal": 67, "country": "AUS"}, {"participants": 48, "male": 43, "female": 5, "medal": 0, "country": "PHI"}, {"participants": 411, "male": 333, "female": 78, "medal": 169, "country": "URS"}, {"participants": 10, "male": 10, "female": 0, "medal": 0, "country": "TTO"}, {"participants": 186, "male": 130, "female": 56, "medal": 34, "country": "SWE"}, {"participants": 79, "male": 78, "female": 1, "medal": 17, "country": "IND"}, {"participants": 43, "male": 41, "female": 2, "medal": 4, "country": "CHI"}, {"participants": 36, "male": 33, "female": 3, "medal": 2, "country": "MEX"}, {"participants": 222, "male": 164, "female": 58, "medal": 24, "country": "JPN"}, {"participants": 40, "male": 40, "female": 0, "medal": 0, "country": "THA"}, {"participants": 14, "male": 14, "female": 0, "medal": 0, "country": "NGR"}, {"participants": 28, "male": 28, "female": 0, "medal": 7, "country": "TUR"}, {"participants": 79, "male": 79, "female": 0, "medal": 14, "country": "PAK"}, {"participants": 5, "male": 5, "female": 0, "medal": 2, "country": "BAH"}, {"participants": 63, "male": 62, "female": 1, "medal": 1, "country": "BRA"}, {"participants": 34, "male": 33, "female": 1, "medal": 0, "country": "MAL"}, {"participants": 283, "male": 235, "female": 48, "medal": 46, "country": "GBR"}, {"participants": 443, "male": 345, "female": 98, "medal": 123, "country": "USA"}, {"participants": 207, "male": 150, "female": 57, "medal": 47, "country": "ITA"}, {"participants": 51, "male": 43, "female": 8, "medal": 6, "country": "DEN"}, {"participants": 36, "male": 36, "female": 0, "medal": 2, "country": "KOR"}, {"participants": 103, "male": 56, "female": 47, "medal": 19, "country": "ROU"}, {"participants": 31, "male": 30, "female": 1, "medal": 0, "country": "KEN"}, {"participants": 37, "male": 33, "female": 4, "medal": 23, "country": "YUG"}, {"participants": 161, "male": 112, "female": 49, "medal": 7, "country": "TCH"}, {"participants": 147, "male": 146, "female": 1, "medal": 26, "country": "FIN"}, {"participants": 47, "male": 47, "female": 0, "medal": 0, "country": "COL"}, {"participants": 24, "male": 23, "female": 1, "medal": 0, "country": "CUB"}, {"participants": 24, "male": 22, "female": 2, "medal": 0, "country": "INA"}, {"participants": 261, "male": 218, "female": 43, "medal": 52, "country": "GER"}, {"participants": 150, "male": 116, "female": 34, "medal": 19, "country": "CAN"}, {"participants": 197, "male": 136, "female": 61, "medal": 64, "country": "HUN"}, {"participants": 44, "male": 43, "female": 1, "medal": 2, "country": "ARG"}, {"participants": 12, "male": 12, "female": 0, "medal": 0, "country": "MYA"}, {"participants": 18, "male": 18, "female": 0, "medal": 0, "country": "POR"}, {"participants": 17, "male": 17, "female": 0, "medal": 5, "country": "IRI"}, {"participants": 30, "male": 30, "female": 0, "medal": 0, "country": "ETH"}, {"participants": 10, "male": 10, "female": 0, "medal": 0, "country": "PER"}, {"participants": 118, "male": 60, "female": 58, "medal": 19, "country": "POL"}, {"participants": 25, "male": 23, "female": 2, "medal": 5, "country": "IRL"}, {"participants": 27, "male": 22, "female": 5, "medal": 0, "country": "LUX"}, {"participants": 5, "male": 5, "female": 0, "medal": 0, "country": "FIJ"}, {"participants": 38, "male": 38, "female": 0, "medal": 0, "country": "VEN"}, {"participants": 2, "male": 2, "female": 0, "medal": 0, "country": "NBO"}, {"participants": 29, "male": 29, "female": 0, "medal": 12, "country": "URU"}, {"participants": 16, "male": 16, "female": 0, "medal": 1, "country": "GRE"}, {"participants": 57, "male": 52, "female": 5, "medal": 4, "country": "AUT"}, {"participants": 18, "male": 18, "female": 0, "medal": 3, "country": "SUI"}, {"participants": 52, "male": 49, "female": 3, "medal": 0, "country": "SGP"}, {"participants": 23, "male": 23, "female": 0, "medal": 0, "country": "TPE"}, {"participants": 4, "male": 4, "female": 0, "medal": 0, "country": "HKG"}, {"participants": 14, "male": 14, "female": 0, "medal": 0, "country": "PUR"}, {"participants": 12, "male": 12, "female": 0, "medal": 0, "country": "ESP"}, {"participants": 2, "male": 2, "female": 0, "medal": 1, "country": "ISL"}, {"participants": 6, "male": 6, "female": 0, "medal": 0, "country": "EGY"}, {"participants": 13, "male": 13, "female": 0, "medal": 0, "country": "JAM"}, {"participants": 3, "male": 3, "female": 0, "medal": 0, "country": "SRI"}, {"participants": 5, "male": 5, "female": 0, "medal": 0, "country": "UGA"}, {"participants": 3, "male": 3, "female": 0, "medal": 0, "country": "BER"}, {"participants": 2, "male": 2, "female": 0, "medal": 0, "country": "CAM"}, {"participants": 6, "male": 4, "female": 2, "medal": 0, "country": "GUY"}, {"participants": 11, "male": 11, "female": 0, "medal": 0, "country": "LBR"}, {"participants": 3, "male": 2, "female": 1, "medal": 0, "country": "ISR"}, {"participants": 10, "male": 10, "female": 0, "medal": 0, "country": "VNM"}, {"participants": 1, "male": 1, "female": 0, "medal": 0, "country": "NED"}]