[{"participants": 50, "male": 49, "female": 1, "medal": 2, "country": "NOR"}, {"participants": 183, "male": 143, "female": 40, "medal": 7, "country": "BUL"}, {"participants": 123, "male": 123, "female": 0, "medal": 2, "country": "UAR"}, {"participants": 13, "male": 13, "female": 0, "medal": 0, "country": "SUD"}, {"participants": 28, "male": 28, "female": 0, "medal": 1, "country": "IRQ"}, {"participants": 53, "male": 53, "female": 0, "medal": 14, "country": "PAK"}, {"participants": 278, "male": 218, "female": 60, "medal": 31, "country": "JPN"}, {"participants": 46, "male": 27, "female": 19, "medal": 0, "country": "ISR"}, {"participants": 258, "male": 203, "female": 55, "medal": 7, "country": "SWE"}, {"participants": 414, "male": 315, "female": 99, "medal": 169, "country": "URS"}, {"participants": 47, "male": 41, "female": 6, "medal": 3, "country": "NZL"}, {"participants": 9, "male": 8, "female": 1, "medal": 0, "country": "CHI"}, {"participants": 49, "male": 44, "female": 5, "medal": 0, "country": "PHI"}, {"participants": 150, "male": 130, "female": 20, "medal": 4, "country": "BEL"}, {"participants": 116, "male": 115, "female": 1, "medal": 4, "country": "ARG"}, {"participants": 110, "male": 97, "female": 13, "medal": 1, "country": "MEX"}, {"participants": 140, "male": 108, "female": 32, "medal": 9, "country": "CAN"}, {"participants": 307, "male": 238, "female": 69, "medal": 30, "country": "POL"}, {"participants": 363, "male": 291, "female": 72, "medal": 12, "country": "FRA"}, {"participants": 389, "male": 292, "female": 97, "medal": 28, "country": "GBR"}, {"participants": 15, "male": 15, "female": 0, "medal": 1, "country": "GHA"}, {"participants": 425, "male": 323, "female": 102, "medal": 89, "country": "GER"}, {"participants": 15, "male": 15, "female": 0, "medal": 1, "country": "ETH"}, {"participants": 111, "male": 111, "female": 0, "medal": 1, "country": "MAR"}, {"participants": 16, "male": 16, "female": 0, "medal": 0, "country": "UGA"}, {"participants": 5, "male": 5, "female": 0, "medal": 0, "country": "AHO"}, {"participants": 30, "male": 30, "female": 0, "medal": 0, "country": "KEN"}, {"participants": 42, "male": 42, "female": 0, "medal": 0, "country": "URU"}, {"participants": 21, "male": 10, "female": 11, "medal": 0, "country": "CUB"}, {"participants": 219, "male": 179, "female": 40, "medal": 6, "country": "FIN"}, {"participants": 58, "male": 54, "female": 4, "medal": 9, "country": "TUR"}, {"participants": 15, "male": 15, "female": 0, "medal": 0, "country": "NGR"}, {"participants": 56, "male": 56, "female": 0, "medal": 0, "country": "TUN"}, {"participants": 238, "male": 197, "female": 41, "medal": 14, "country": "ESP"}, {"participants": 312, "male": 241, "female": 71, "medal": 66, "country": "HUN"}, {"participants": 33, "male": 33, "female": 0, "medal": 0, "country": "PER"}, {"participants": 221, "male": 219, "female": 2, "medal": 12, "country": "SUI"}, {"participants": 109, "male": 92, "female": 17, "medal": 2, "country": "POR"}, {"participants": 14, "male": 14, "female": 0, "medal": 0, "country": "BAH"}, {"participants": 402, "male": 323, "female": 79, "medal": 88, "country": "ITA"}, {"participants": 160, "male": 91, "female": 69, "medal": 3, "country": "NED"}, {"participants": 86, "male": 85, "female": 1, "medal": 13, "country": "BRA"}, {"participants": 11, "male": 11, "female": 0, "medal": 0, "country": "MAL"}, {"participants": 24, "male": 24, "female": 0, "medal": 4, "country": "IRI"}, {"participants": 428, "male": 326, "female": 102, "medal": 125, "country": "USA"}, {"participants": 280, "male": 224, "female": 56, "medal": 46, "country": "AUS"}, {"participants": 54, "male": 45, "female": 9, "medal": 1, "country": "VEN"}, {"participants": 22, "male": 22, "female": 0, "medal": 0, "country": "LIB"}, {"participants": 49, "male": 43, "female": 6, "medal": 0, "country": "KOR"}, {"participants": 156, "male": 107, "female": 49, "medal": 15, "country": "ROU"}, {"participants": 109, "male": 96, "female": 13, "medal": 23, "country": "DEN"}, {"participants": 23, "male": 23, "female": 0, "medal": 0, "country": "COL"}, {"participants": 117, "male": 104, "female": 13, "medal": 0, "country": "LUX"}, {"participants": 185, "male": 163, "female": 22, "medal": 17, "country": "YUG"}, {"participants": 49, "male": 49, "female": 0, "medal": 13, "country": "IND"}, {"participants": 59, "male": 59, "female": 0, "medal": 3, "country": "GRE"}, {"participants": 6, "male": 5, "female": 1, "medal": 0, "country": "GUY"}, {"participants": 24, "male": 24, "female": 0, "medal": 0, "country": "THA"}, {"participants": 63, "male": 60, "female": 3, "medal": 0, "country": "IRL"}, {"participants": 72, "male": 66, "female": 6, "medal": 3, "country": "RSA"}, {"participants": 198, "male": 144, "female": 54, "medal": 3, "country": "AUT"}, {"participants": 12, "male": 11, "female": 1, "medal": 0, "country": "RHO"}, {"participants": 29, "male": 28, "female": 1, "medal": 0, "country": "PUR"}, {"participants": 13, "male": 13, "female": 0, "medal": 0, "country": "MON"}, {"participants": 202, "male": 153, "female": 49, "medal": 22, "country": "TCH"}, {"participants": 20, "male": 20, "female": 0, "medal": 5, "country": "WIF"}, {"participants": 27, "male": 25, "female": 2, "medal": 0, "country": "INA"}, {"participants": 13, "male": 13, "female": 0, "medal": 0, "country": "MLT"}, {"participants": 8, "male": 8, "female": 0, "medal": 0, "country": "LIE"}, {"participants": 8, "male": 2, "female": 6, "medal": 0, "country": "PAN"}, {"participants": 13, "male": 13, "female": 0, "medal": 0, "country": "SMR"}, {"participants": 31, "male": 27, "female": 4, "medal": 1, "country": "TPE"}, {"participants": 4, "male": 4, "female": 0, "medal": 0, "country": "HKG"}, {"participants": 10, "male": 10, "female": 0, "medal": 0, "country": "MYA"}, {"participants": 5, "male": 5, "female": 0, "medal": 1, "country": "SGP"}, {"participants": 5, "male": 5, "female": 0, "medal": 0, "country": "SRI"}, {"participants": 10, "male": 0, "female": 10, "medal": 0, "country": "ZIM"}, {"participants": 9, "male": 9, "female": 0, "medal": 0, "country": "BER"}, {"participants": 16, "male": 16, "female": 0, "medal": 0, "country": "AFG"}, {"participants": 11, "male": 10, "female": 1, "medal": 0, "country": "ISL"}, {"participants": 6, "male": 6, "female": 0, "medal": 0, "country": "LBR"}, {"participants": 1, "male": 1, "female": 0, "medal": 0, "country": "HAI"}, {"participants": 3, "male": 3, "female": 0, "medal": 0, "country": "FIJ"}, {"participants": 5, "male": 5, "female": 0, "medal": 0, "country": "VNM"}]