[{"participants": 463, "male": 350, "female": 113, "medal": 174, "country": "URS"}, {"participants": 19, "male": 19, "female": 0, "medal": 0, "country": "IRQ"}, {"participants": 83, "male": 83, "female": 0, "medal": 0, "country": "EGY"}, {"participants": 4, "male": 4, "female": 0, "medal": 0, "country": "TAN"}, {"participants": 47, "male": 47, "female": 0, "medal": 16, "country": "PAK"}, {"participants": 175, "male": 122, "female": 53, "medal": 15, "country": "SWE"}, {"participants": 40, "male": 39, "female": 1, "medal": 0, "country": "PER"}, {"participants": 456, "male": 354, "female": 102, "medal": 62, "country": "JPN"}, {"participants": 40, "male": 36, "female": 4, "medal": 1, "country": "GHA"}, {"participants": 10, "male": 10, "female": 0, "medal": 0, "country": "CIV"}, {"participants": 148, "male": 137, "female": 11, "medal": 1, "country": "ARG"}, {"participants": 116, "male": 101, "female": 15, "medal": 10, "country": "BUL"}, {"participants": 301, "male": 228, "female": 73, "medal": 28, "country": "GBR"}, {"participants": 65, "male": 64, "female": 1, "medal": 12, "country": "BRA"}, {"participants": 478, "male": 366, "female": 112, "medal": 116, "country": "GER"}, {"participants": 21, "male": 21, "female": 0, "medal": 0, "country": "MAR"}, {"participants": 45, "male": 37, "female": 8, "medal": 0, "country": "PUR"}, {"participants": 41, "male": 41, "female": 0, "medal": 1, "country": "KEN"}, {"participants": 96, "male": 86, "female": 10, "medal": 2, "country": "IRI"}, {"participants": 256, "male": 238, "female": 18, "medal": 51, "country": "ITA"}, {"participants": 319, "male": 239, "female": 80, "medal": 56, "country": "HUN"}, {"participants": 67, "male": 62, "female": 5, "medal": 0, "country": "ESP"}, {"participants": 128, "male": 122, "female": 6, "medal": 1, "country": "MEX"}, {"participants": 392, "male": 301, "female": 91, "medal": 44, "country": "AUS"}, {"participants": 19, "male": 17, "female": 2, "medal": 1, "country": "NGR"}, {"participants": 43, "male": 40, "female": 3, "medal": 0, "country": "NOR"}, {"participants": 82, "male": 61, "female": 21, "medal": 0, "country": "AUT"}, {"participants": 214, "male": 174, "female": 40, "medal": 31, "country": "FRA"}, {"participants": 25, "male": 25, "female": 0, "medal": 6, "country": "TUR"}, {"participants": 111, "male": 110, "female": 1, "medal": 15, "country": "IND"}, {"participants": 81, "male": 75, "female": 6, "medal": 0, "country": "MAS"}, {"participants": 151, "male": 138, "female": 13, "medal": 5, "country": "FIN"}, {"participants": 129, "male": 127, "female": 2, "medal": 6, "country": "SUI"}, {"participants": 25, "male": 20, "female": 5, "medal": 0, "country": "POR"}, {"participants": 194, "male": 150, "female": 44, "medal": 5, "country": "CAN"}, {"participants": 19, "male": 19, "female": 0, "medal": 1, "country": "ETH"}, {"participants": 70, "male": 56, "female": 14, "medal": 1, "country": "PHI"}, {"participants": 492, "male": 356, "female": 136, "medal": 169, "country": "USA"}, {"participants": 74, "male": 69, "female": 5, "medal": 3, "country": "BEL"}, {"participants": 29, "male": 29, "female": 0, "medal": 1, "country": "URU"}, {"participants": 158, "male": 127, "female": 31, "medal": 31, "country": "NED"}, {"participants": 19, "male": 16, "female": 3, "medal": 0, "country": "UGA"}, {"participants": 240, "male": 196, "female": 44, "medal": 3, "country": "KOR"}, {"participants": 15, "male": 15, "female": 0, "medal": 0, "country": "CAM"}, {"participants": 71, "male": 61, "female": 10, "medal": 12, "country": "DEN"}, {"participants": 35, "male": 33, "female": 2, "medal": 1, "country": "IRL"}, {"participants": 232, "male": 168, "female": 64, "medal": 16, "country": "ROU"}, {"participants": 187, "male": 147, "female": 40, "medal": 54, "country": "TCH"}, {"participants": 240, "male": 178, "female": 62, "medal": 46, "country": "POL"}, {"participants": 27, "male": 25, "female": 2, "medal": 0, "country": "LUX"}, {"participants": 88, "male": 65, "female": 23, "medal": 6, "country": "NZL"}, {"participants": 8, "male": 8, "female": 0, "medal": 0, "country": "AFG"}, {"participants": 8, "male": 8, "female": 0, "medal": 0, "country": "LIB"}, {"participants": 40, "male": 40, "female": 0, "medal": 0, "country": "COL"}, {"participants": 67, "male": 57, "female": 10, "medal": 0, "country": "THA"}, {"participants": 13, "male": 10, "female": 3, "medal": 0, "country": "ISR"}, {"participants": 12, "male": 12, "female": 0, "medal": 2, "country": "TUN"}, {"participants": 15, "male": 14, "female": 1, "medal": 0, "country": "ZAM"}, {"participants": 18, "male": 18, "female": 0, "medal": 6, "country": "TTO"}, {"participants": 123, "male": 119, "female": 4, "medal": 15, "country": "YUG"}, {"participants": 40, "male": 27, "female": 13, "medal": 0, "country": "MGL"}, {"participants": 33, "male": 27, "female": 6, "medal": 0, "country": "ZIM"}, {"participants": 2, "male": 2, "female": 0, "medal": 0, "country": "CRC"}, {"participants": 1, "male": 1, "female": 0, "medal": 0, "country": "MON"}, {"participants": 12, "male": 12, "female": 0, "medal": 0, "country": "MYA"}, {"participants": 76, "male": 73, "female": 3, "medal": 1, "country": "CUB"}, {"participants": 4, "male": 4, "female": 0, "medal": 0, "country": "AHO"}, {"participants": 23, "male": 21, "female": 2, "medal": 0, "country": "VEN"}, {"participants": 32, "male": 23, "female": 9, "medal": 0, "country": "JAM"}, {"participants": 3, "male": 3, "female": 0, "medal": 0, "country": "LIE"}, {"participants": 7, "male": 7, "female": 0, "medal": 0, "country": "SRI"}, {"participants": 2, "male": 2, "female": 0, "medal": 0, "country": "MLI"}, {"participants": 15, "male": 6, "female": 9, "medal": 0, "country": "PAN"}, {"participants": 50, "male": 49, "female": 1, "medal": 0, "country": "HKG"}, {"participants": 96, "male": 86, "female": 10, "medal": 0, "country": "TPE"}, {"participants": 12, "male": 12, "female": 0, "medal": 2, "country": "BAH"}, {"participants": 4, "male": 4, "female": 0, "medal": 0, "country": "BER"}, {"participants": 1, "male": 1, "female": 0, "medal": 0, "country": "NIG"}, {"participants": 14, "male": 14, "female": 0, "medal": 0, "country": "SEN"}, {"participants": 1, "male": 1, "female": 0, "medal": 0, "country": "GUY"}, {"participants": 2, "male": 2, "female": 0, "medal": 0, "country": "CGO"}, {"participants": 19, "male": 19, "female": 0, "medal": 0, "country": "GRE"}, {"participants": 16, "male": 16, "female": 0, "medal": 0, "country": "CHI"}, {"participants": 5, "male": 4, "female": 1, "medal": 0, "country": "ISL"}, {"participants": 6, "male": 6, "female": 0, "medal": 0, "country": "NEP"}, {"participants": 23, "male": 23, "female": 0, "medal": 0, "country": "VNM"}, {"participants": 2, "male": 2, "female": 0, "medal": 0, "country": "CHA"}, {"participants": 1, "male": 1, "female": 0, "medal": 0, "country": "BOL"}, {"participants": 2, "male": 2, "female": 0, "medal": 0, "country": "LBR"}, {"participants": 7, "male": 7, "female": 0, "medal": 0, "country": "ALG"}, {"participants": 2, "male": 2, "female": 0, "medal": 0, "country": "CMR"}, {"participants": 4, "male": 4, "female": 0, "medal": 0, "country": "MAD"}, {"participants": 1, "male": 1, "female": 0, "medal": 0, "country": "DOM"}]