[{"participants": 86, "male": 47, "female": 39, "medal": 6, "country": "NOR"}, {"participants": 5, "male": 5, "female": 0, "medal": 1, "country": "CMR"}, {"participants": 446, "male": 343, "female": 103, "medal": 9, "country": "MEX"}, {"participants": 7, "male": 7, "female": 0, "medal": 0, "country": "SUD"}, {"participants": 35, "male": 35, "female": 0, "medal": 0, "country": "MAS"}, {"participants": 46, "male": 37, "female": 9, "medal": 0, "country": "NGR"}, {"participants": 89, "male": 79, "female": 10, "medal": 0, "country": "PHI"}, {"participants": 289, "male": 223, "female": 66, "medal": 63, "country": "JPN"}, {"participants": 132, "male": 123, "female": 9, "medal": 2, "country": "ARG"}, {"participants": 15, "male": 15, "female": 0, "medal": 0, "country": "LIB"}, {"participants": 35, "male": 35, "female": 0, "medal": 0, "country": "EGY"}, {"participants": 311, "male": 229, "female": 82, "medal": 27, "country": "FRA"}, {"participants": 33, "male": 28, "female": 5, "medal": 0, "country": "POR"}, {"participants": 33, "male": 17, "female": 16, "medal": 0, "country": "PER"}, {"participants": 30, "male": 30, "female": 0, "medal": 2, "country": "TUR"}, {"participants": 104, "male": 78, "female": 26, "medal": 0, "country": "ESA"}, {"participants": 328, "male": 235, "female": 93, "medal": 19, "country": "GBR"}, {"participants": 140, "male": 97, "female": 43, "medal": 14, "country": "NED"}, {"participants": 36, "male": 34, "female": 2, "medal": 0, "country": "GHA"}, {"participants": 189, "male": 151, "female": 38, "medal": 26, "country": "BUL"}, {"participants": 432, "male": 334, "female": 98, "medal": 51, "country": "FRG"}, {"participants": 99, "male": 81, "female": 18, "medal": 0, "country": "PUR"}, {"participants": 471, "male": 348, "female": 123, "medal": 192, "country": "URS"}, {"participants": 16, "male": 16, "female": 0, "medal": 0, "country": "PAN"}, {"participants": 27, "male": 24, "female": 3, "medal": 0, "country": "CRC"}, {"participants": 25, "male": 25, "female": 0, "medal": 0, "country": "MAR"}, {"participants": 50, "male": 22, "female": 28, "medal": 0, "country": "URU"}, {"participants": 15, "male": 15, "female": 0, "medal": 13, "country": "PAK"}, {"participants": 126, "male": 114, "female": 12, "medal": 4, "country": "FIN"}, {"participants": 59, "male": 48, "female": 11, "medal": 5, "country": "AUT"}, {"participants": 186, "male": 150, "female": 36, "medal": 9, "country": "SWE"}, {"participants": 4, "male": 4, "female": 0, "medal": 0, "country": "IRQ"}, {"participants": 137, "male": 134, "female": 3, "medal": 0, "country": "ESP"}, {"participants": 268, "male": 235, "female": 33, "medal": 33, "country": "ITA"}, {"participants": 22, "male": 22, "female": 0, "medal": 0, "country": "BAH"}, {"participants": 67, "male": 63, "female": 4, "medal": 0, "country": "GUA"}, {"participants": 227, "male": 177, "female": 50, "medal": 10, "country": "CUB"}, {"participants": 26, "male": 26, "female": 0, "medal": 2, "country": "ETH"}, {"participants": 89, "male": 85, "female": 4, "medal": 4, "country": "BRA"}, {"participants": 203, "male": 143, "female": 60, "medal": 29, "country": "TCH"}, {"participants": 100, "male": 79, "female": 21, "medal": 23, "country": "ROU"}, {"participants": 44, "male": 44, "female": 0, "medal": 1, "country": "GRE"}, {"participants": 303, "male": 220, "female": 83, "medal": 81, "country": "HUN"}, {"participants": 529, "male": 377, "female": 152, "medal": 166, "country": "USA"}, {"participants": 155, "male": 147, "female": 8, "medal": 13, "country": "SUI"}, {"participants": 296, "male": 219, "female": 77, "medal": 37, "country": "POL"}, {"participants": 6, "male": 6, "female": 0, "medal": 0, "country": "GUY"}, {"participants": 346, "male": 263, "female": 83, "medal": 52, "country": "GDR"}, {"participants": 66, "male": 51, "female": 15, "medal": 2, "country": "KOR"}, {"participants": 41, "male": 39, "female": 2, "medal": 0, "country": "ECU"}, {"participants": 93, "male": 83, "female": 10, "medal": 17, "country": "DEN"}, {"participants": 7, "male": 7, "female": 0, "medal": 0, "country": "BIZ"}, {"participants": 224, "male": 163, "female": 61, "medal": 51, "country": "AUS"}, {"participants": 291, "male": 212, "female": 79, "medal": 10, "country": "CAN"}, {"participants": 130, "male": 106, "female": 24, "medal": 29, "country": "YUG"}, {"participants": 5, "male": 3, "female": 2, "medal": 0, "country": "AHO"}, {"participants": 65, "male": 51, "female": 14, "medal": 7, "country": "NZL"}, {"participants": 14, "male": 14, "female": 0, "medal": 5, "country": "IRI"}, {"participants": 70, "male": 56, "female": 14, "medal": 0, "country": "COL"}, {"participants": 25, "male": 25, "female": 0, "medal": 0, "country": "TTO"}, {"participants": 16, "male": 16, "female": 0, "medal": 0, "country": "NCA"}, {"participants": 50, "male": 47, "female": 3, "medal": 12, "country": "KEN"}, {"participants": 4, "male": 4, "female": 0, "medal": 0, "country": "BOL"}, {"participants": 46, "male": 46, "female": 0, "medal": 0, "country": "THA"}, {"participants": 25, "male": 23, "female": 2, "medal": 0, "country": "CHI"}, {"participants": 8, "male": 8, "female": 0, "medal": 2, "country": "TUN"}, {"participants": 5, "male": 5, "female": 0, "medal": 0, "country": "AFG"}, {"participants": 106, "male": 90, "female": 16, "medal": 3, "country": "BEL"}, {"participants": 2, "male": 2, "female": 0, "medal": 0, "country": "MLI"}, {"participants": 2, "male": 2, "female": 0, "medal": 0, "country": "SYR"}, {"participants": 57, "male": 46, "female": 11, "medal": 0, "country": "IRL"}, {"participants": 15, "male": 15, "female": 0, "medal": 0, "country": "GUI"}, {"participants": 39, "male": 32, "female": 7, "medal": 0, "country": "ISR"}, {"participants": 6, "male": 6, "female": 0, "medal": 0, "country": "HON"}, {"participants": 8, "male": 8, "female": 0, "medal": 0, "country": "COD"}, {"participants": 2, "male": 2, "female": 0, "medal": 0, "country": "MON"}, {"participants": 38, "male": 22, "female": 16, "medal": 4, "country": "MGL"}, {"participants": 6, "male": 6, "female": 0, "medal": 0, "country": "BER"}, {"participants": 3, "male": 3, "female": 0, "medal": 0, "country": "LIE"}, {"participants": 6, "male": 6, "female": 0, "medal": 0, "country": "ISV"}, {"participants": 30, "male": 30, "female": 0, "medal": 1, "country": "VEN"}, {"participants": 35, "male": 24, "female": 11, "medal": 1, "country": "JAM"}, {"participants": 9, "male": 7, "female": 2, "medal": 0, "country": "VNM"}, {"participants": 13, "male": 13, "female": 0, "medal": 0, "country": "BAR"}, {"participants": 24, "male": 24, "female": 0, "medal": 0, "country": "SEN"}, {"participants": 24, "male": 24, "female": 0, "medal": 0, "country": "DOM"}, {"participants": 93, "male": 62, "female": 31, "medal": 1, "country": "TPE"}, {"participants": 27, "male": 27, "female": 0, "medal": 16, "country": "IND"}, {"participants": 5, "male": 5, "female": 0, "medal": 0, "country": "TAN"}, {"participants": 6, "male": 6, "female": 0, "medal": 0, "country": "SGP"}, {"participants": 4, "male": 4, "female": 0, "medal": 0, "country": "SLE"}, {"participants": 25, "male": 25, "female": 0, "medal": 0, "country": "HKG"}, {"participants": 1, "male": 1, "female": 0, "medal": 0, "country": "PAR"}, {"participants": 2, "male": 2, "female": 0, "medal": 0, "country": "NIG"}, {"participants": 2, "male": 2, "female": 0, "medal": 0, "country": "KUW"}, {"participants": 6, "male": 6, "female": 0, "medal": 0, "country": "INA"}, {"participants": 11, "male": 11, "female": 0, "medal": 0, "country": "CIV"}, {"participants": 14, "male": 14, "female": 0, "medal": 2, "country": "UGA"}, {"participants": 7, "male": 4, "female": 3, "medal": 0, "country": "LUX"}, {"participants": 4, "male": 4, "female": 0, "medal": 0, "country": "SMR"}, {"participants": 16, "male": 10, "female": 6, "medal": 0, "country": "ISL"}, {"participants": 1, "male": 1, "female": 0, "medal": 0, "country": "MLT"}, {"participants": 4, "male": 4, "female": 0, "medal": 0, "country": "MYA"}, {"participants": 4, "male": 4, "female": 0, "medal": 0, "country": "CHA"}, {"participants": 7, "male": 7, "female": 0, "medal": 0, "country": "ZAM"}, {"participants": 3, "male": 3, "female": 0, "medal": 0, "country": "SRI"}, {"participants": 1, "male": 1, "female": 0, "medal": 0, "country": "LBA"}, {"participants": 9, "male": 9, "female": 0, "medal": 0, "country": "ALG"}, {"participants": 1, "male": 1, "female": 0, "medal": 0, "country": "FIJ"}, {"participants": 1, "male": 1, "female": 0, "medal": 0, "country": "CAF"}, {"participants": 1, "male": 1, "female": 0, "medal": 0, "country": "SUR"}, {"participants": 6, "male": 6, "female": 0, "medal": 0, "country": "MAD"}]