[{"participants": 161, "male": 119, "female": 42, "medal": 8, "country": "NOR"}, {"participants": 31, "male": 31, "female": 0, "medal": 0, "country": "SUD"}, {"participants": 36, "male": 25, "female": 11, "medal": 1, "country": "NGR"}, {"participants": 5, "male": 5, "female": 0, "medal": 0, "country": "CHA"}, {"participants": 22, "male": 22, "female": 0, "medal": 0, "country": "TAN"}, {"participants": 4, "male": 4, "female": 0, "medal": 0, "country": "KUW"}, {"participants": 26, "male": 26, "female": 0, "medal": 0, "country": "EGY"}, {"participants": 40, "male": 40, "female": 0, "medal": 2, "country": "ETH"}, {"participants": 531, "male": 397, "female": 134, "medal": 214, "country": "URS"}, {"participants": 293, "male": 214, "female": 79, "medal": 56, "country": "JPN"}, {"participants": 104, "male": 97, "female": 7, "medal": 2, "country": "BRA"}, {"participants": 454, "male": 326, "female": 128, "medal": 151, "country": "GDR"}, {"participants": 123, "male": 113, "female": 10, "medal": 1, "country": "ARG"}, {"participants": 345, "male": 274, "female": 71, "medal": 25, "country": "ITA"}, {"participants": 4, "male": 4, "female": 0, "medal": 0, "country": "SOM"}, {"participants": 36, "male": 34, "female": 2, "medal": 1, "country": "LIB"}, {"participants": 578, "male": 423, "female": 155, "medal": 171, "country": "USA"}, {"participants": 356, "male": 282, "female": 74, "medal": 22, "country": "FRA"}, {"participants": 75, "male": 63, "female": 12, "medal": 3, "country": "COL"}, {"participants": 31, "male": 27, "female": 4, "medal": 0, "country": "PER"}, {"participants": 433, "male": 289, "female": 144, "medal": 29, "country": "GBR"}, {"participants": 201, "male": 166, "female": 35, "medal": 22, "country": "CUB"}, {"participants": 41, "male": 37, "female": 4, "medal": 1, "country": "GHA"}, {"participants": 20, "male": 13, "female": 7, "medal": 0, "country": "URU"}, {"participants": 418, "male": 340, "female": 78, "medal": 46, "country": "POL"}, {"participants": 56, "male": 56, "female": 0, "medal": 3, "country": "IRI"}, {"participants": 344, "male": 236, "female": 108, "medal": 11, "country": "CAN"}, {"participants": 587, "male": 439, "female": 148, "medal": 102, "country": "FRG"}, {"participants": 18, "male": 18, "female": 0, "medal": 0, "country": "CMR"}, {"participants": 35, "male": 33, "female": 2, "medal": 2, "country": "UGA"}, {"participants": 367, "male": 270, "female": 97, "medal": 81, "country": "HUN"}, {"participants": 79, "male": 70, "female": 9, "medal": 0, "country": "PHI"}, {"participants": 7, "male": 7, "female": 0, "medal": 0, "country": "TOG"}, {"participants": 2, "male": 2, "female": 0, "medal": 0, "country": "AHO"}, {"participants": 143, "male": 122, "female": 21, "medal": 3, "country": "AUT"}, {"participants": 265, "male": 189, "female": 76, "medal": 8, "country": "SUI"}, {"participants": 3, "male": 3, "female": 0, "medal": 0, "country": "BEN"}, {"participants": 258, "male": 194, "female": 64, "medal": 40, "country": "ROU"}, {"participants": 281, "male": 210, "female": 71, "medal": 1, "country": "MEX"}, {"participants": 155, "male": 137, "female": 18, "medal": 1, "country": "DEN"}, {"participants": 199, "male": 114, "female": 85, "medal": 6, "country": "NED"}, {"participants": 26, "male": 26, "female": 0, "medal": 15, "country": "PAK"}, {"participants": 133, "male": 115, "female": 18, "medal": 10, "country": "FIN"}, {"participants": 50, "male": 49, "female": 1, "medal": 1, "country": "TUR"}, {"participants": 266, "male": 193, "female": 73, "medal": 20, "country": "AUS"}, {"participants": 39, "male": 36, "female": 3, "medal": 0, "country": "MAR"}, {"participants": 14, "male": 14, "female": 0, "medal": 0, "country": "KSA"}, {"participants": 186, "male": 136, "female": 50, "medal": 22, "country": "SWE"}, {"participants": 41, "male": 41, "female": 0, "medal": 0, "country": "POR"}, {"participants": 212, "male": 167, "female": 45, "medal": 18, "country": "YUG"}, {"participants": 60, "male": 60, "female": 0, "medal": 0, "country": "PUR"}, {"participants": 274, "male": 203, "female": 71, "medal": 29, "country": "TCH"}, {"participants": 7, "male": 7, "female": 0, "medal": 0, "country": "ALG"}, {"participants": 7, "male": 3, "female": 4, "medal": 0, "country": "INA"}, {"participants": 51, "male": 32, "female": 19, "medal": 1, "country": "JAM"}, {"participants": 17, "male": 13, "female": 4, "medal": 0, "country": "ISR"}, {"participants": 162, "male": 153, "female": 9, "medal": 1, "country": "ESP"}, {"participants": 16, "male": 16, "female": 0, "medal": 0, "country": "ISV"}, {"participants": 18, "male": 18, "female": 0, "medal": 0, "country": "ESA"}, {"participants": 57, "male": 52, "female": 5, "medal": 0, "country": "MAS"}, {"participants": 9, "male": 9, "female": 0, "medal": 0, "country": "BER"}, {"participants": 69, "male": 66, "female": 3, "medal": 12, "country": "KEN"}, {"participants": 226, "male": 167, "female": 59, "medal": 22, "country": "BUL"}, {"participants": 43, "male": 33, "female": 10, "medal": 1, "country": "KOR"}, {"participants": 40, "male": 40, "female": 0, "medal": 0, "country": "SEN"}, {"participants": 13, "male": 13, "female": 0, "medal": 0, "country": "MAD"}, {"participants": 15, "male": 14, "female": 1, "medal": 0, "country": "LUX"}, {"participants": 112, "male": 95, "female": 17, "medal": 14, "country": "NZL"}, {"participants": 37, "male": 37, "female": 0, "medal": 0, "country": "THA"}, {"participants": 36, "male": 35, "female": 1, "medal": 0, "country": "TTO"}, {"participants": 8, "male": 8, "female": 0, "medal": 0, "country": "AFG"}, {"participants": 14, "male": 14, "female": 0, "medal": 0, "country": "BOL"}, {"participants": 8, "male": 8, "female": 0, "medal": 0, "country": "PAN"}, {"participants": 4, "male": 4, "female": 0, "medal": 0, "country": "GUY"}, {"participants": 66, "male": 60, "female": 6, "medal": 2, "country": "GRE"}, {"participants": 30, "male": 29, "female": 1, "medal": 0, "country": "ISL"}, {"participants": 19, "male": 19, "female": 0, "medal": 0, "country": "MYA"}, {"participants": 13, "male": 13, "female": 0, "medal": 0, "country": "CIV"}, {"participants": 43, "male": 42, "female": 1, "medal": 14, "country": "IND"}, {"participants": 106, "male": 98, "female": 8, "medal": 2, "country": "BEL"}, {"participants": 44, "male": 42, "female": 2, "medal": 1, "country": "MGL"}, {"participants": 84, "male": 64, "female": 20, "medal": 0, "country": "IRL"}, {"participants": 12, "male": 12, "female": 0, "medal": 0, "country": "LIE"}, {"participants": 33, "male": 25, "female": 8, "medal": 0, "country": "VEN"}, {"participants": 13, "male": 11, "female": 2, "medal": 0, "country": "CHI"}, {"participants": 5, "male": 5, "female": 0, "medal": 0, "country": "MON"}, {"participants": 25, "male": 24, "female": 1, "medal": 0, "country": "BAH"}, {"participants": 8, "male": 8, "female": 0, "medal": 0, "country": "CGO"}, {"participants": 20, "male": 12, "female": 8, "medal": 0, "country": "BAR"}, {"participants": 37, "male": 37, "female": 0, "medal": 1, "country": "TUN"}, {"participants": 5, "male": 5, "female": 0, "medal": 0, "country": "DOM"}, {"participants": 5, "male": 5, "female": 0, "medal": 0, "country": "MLT"}, {"participants": 1, "male": 1, "female": 0, "medal": 0, "country": "BUR"}, {"participants": 3, "male": 3, "female": 0, "medal": 0, "country": "SUR"}, {"participants": 11, "male": 11, "female": 0, "medal": 0, "country": "GUA"}, {"participants": 3, "male": 3, "female": 0, "medal": 0, "country": "MLI"}, {"participants": 10, "male": 8, "female": 2, "medal": 0, "country": "NCA"}, {"participants": 7, "male": 7, "female": 0, "medal": 0, "country": "SMR"}, {"participants": 4, "male": 4, "female": 0, "medal": 0, "country": "CRC"}, {"participants": 18, "male": 18, "female": 0, "medal": 0, "country": "HKG"}, {"participants": 12, "male": 9, "female": 3, "medal": 0, "country": "SGP"}, {"participants": 44, "male": 29, "female": 15, "medal": 0, "country": "TPE"}, {"participants": 7, "male": 6, "female": 1, "medal": 0, "country": "HAI"}, {"participants": 17, "male": 15, "female": 2, "medal": 0, "country": "CAM"}, {"participants": 12, "male": 8, "female": 4, "medal": 0, "country": "ZAM"}, {"participants": 18, "male": 14, "female": 4, "medal": 0, "country": "MAW"}, {"participants": 4, "male": 4, "female": 0, "medal": 1, "country": "NIG"}, {"participants": 4, "male": 4, "female": 0, "medal": 0, "country": "ECU"}, {"participants": 5, "male": 4, "female": 1, "medal": 0, "country": "SYR"}, {"participants": 3, "male": 3, "female": 0, "medal": 0, "country": "PAR"}, {"participants": 6, "male": 6, "female": 0, "medal": 0, "country": "SRI"}, {"participants": 83, "male": 69, "female": 14, "medal": 15, "country": "PRK"}, {"participants": 2, "male": 2, "female": 0, "medal": 0, "country": "VNM"}, {"participants": 5, "male": 5, "female": 0, "medal": 0, "country": "LBR"}, {"participants": 2, "male": 2, "female": 0, "medal": 0, "country": "NEP"}, {"participants": 5, "male": 4, "female": 1, "medal": 0, "country": "ALB"}, {"participants": 4, "male": 4, "female": 0, "medal": 0, "country": "SWZ"}, {"participants": 1, "male": 1, "female": 0, "medal": 0, "country": "GAB"}, {"participants": 2, "male": 2, "female": 0, "medal": 0, "country": "LES"}, {"participants": 2, "male": 2, "female": 0, "medal": 0, "country": "BIZ"}, {"participants": 4, "male": 4, "female": 0, "medal": 0, "country": "FIJ"}]