[{"participants": 302, "male": 249, "female": 53, "medal": 20, "country": "FRA"}, {"participants": 160, "male": 134, "female": 26, "medal": 6, "country": "ESP"}, {"participants": 25, "male": 25, "female": 0, "medal": 0, "country": "NCA"}, {"participants": 21, "male": 21, "female": 0, "medal": 0, "country": "KUW"}, {"participants": 531, "male": 330, "female": 201, "medal": 23, "country": "CAN"}, {"participants": 26, "male": 26, "female": 0, "medal": 0, "country": "EGY"}, {"participants": 16, "male": 14, "female": 2, "medal": 0, "country": "TUN"}, {"participants": 104, "male": 97, "female": 7, "medal": 2, "country": "IRI"}, {"participants": 328, "male": 223, "female": 105, "medal": 41, "country": "JPN"}, {"participants": 89, "male": 79, "female": 10, "medal": 3, "country": "BRA"}, {"participants": 106, "male": 88, "female": 18, "medal": 0, "country": "ARG"}, {"participants": 254, "male": 166, "female": 88, "medal": 39, "country": "BUL"}, {"participants": 175, "male": 89, "female": 86, "medal": 14, "country": "NED"}, {"participants": 353, "male": 242, "female": 111, "medal": 32, "country": "GBR"}, {"participants": 13, "male": 10, "female": 3, "medal": 0, "country": "PAN"}, {"participants": 554, "male": 372, "female": 182, "medal": 164, "country": "USA"}, {"participants": 194, "male": 164, "female": 30, "medal": 24, "country": "CUB"}, {"participants": 6, "male": 6, "female": 0, "medal": 0, "country": "PAR"}, {"participants": 36, "male": 36, "female": 0, "medal": 2, "country": "POR"}, {"participants": 574, "male": 385, "female": 189, "medal": 286, "country": "URS"}, {"participants": 98, "male": 79, "female": 19, "medal": 25, "country": "NZL"}, {"participants": 251, "male": 182, "female": 69, "medal": 15, "country": "TCH"}, {"participants": 407, "male": 224, "female": 183, "medal": 195, "country": "GDR"}, {"participants": 286, "male": 255, "female": 31, "medal": 73, "country": "POL"}, {"participants": 20, "male": 20, "female": 0, "medal": 1, "country": "TTO"}, {"participants": 274, "male": 203, "female": 71, "medal": 23, "country": "AUS"}, {"participants": 101, "male": 96, "female": 5, "medal": 10, "country": "SUI"}, {"participants": 255, "male": 162, "female": 93, "medal": 55, "country": "ROU"}, {"participants": 452, "male": 333, "female": 119, "medal": 78, "country": "FRG"}, {"participants": 40, "male": 38, "female": 2, "medal": 0, "country": "GRE"}, {"participants": 137, "male": 122, "female": 15, "medal": 2, "country": "MEX"}, {"participants": 25, "male": 25, "female": 0, "medal": 0, "country": "MAS"}, {"participants": 108, "male": 97, "female": 11, "medal": 6, "country": "FIN"}, {"participants": 28, "male": 27, "female": 1, "medal": 0, "country": "TUR"}, {"participants": 19, "male": 19, "female": 0, "medal": 0, "country": "KSA"}, {"participants": 149, "male": 96, "female": 53, "medal": 9, "country": "BEL"}, {"participants": 312, "male": 244, "female": 68, "medal": 31, "country": "ITA"}, {"participants": 163, "male": 131, "female": 32, "medal": 10, "country": "SWE"}, {"participants": 15, "male": 12, "female": 3, "medal": 0, "country": "URU"}, {"participants": 95, "male": 90, "female": 5, "medal": 19, "country": "YUG"}, {"participants": 44, "male": 38, "female": 6, "medal": 0, "country": "COL"}, {"participants": 22, "male": 14, "female": 8, "medal": 0, "country": "ISL"}, {"participants": 26, "male": 26, "female": 0, "medal": 0, "country": "IND"}, {"participants": 24, "male": 24, "female": 0, "medal": 16, "country": "PAK"}, {"participants": 36, "male": 17, "female": 19, "medal": 2, "country": "JAM"}, {"participants": 22, "male": 19, "female": 3, "medal": 0, "country": "PHI"}, {"participants": 10, "male": 5, "female": 5, "medal": 0, "country": "CRC"}, {"participants": 112, "male": 92, "female": 20, "medal": 1, "country": "PUR"}, {"participants": 288, "male": 196, "female": 92, "medal": 55, "country": "HUN"}, {"participants": 11, "male": 9, "female": 2, "medal": 0, "country": "DOM"}, {"participants": 79, "male": 73, "female": 6, "medal": 6, "country": "NOR"}, {"participants": 40, "male": 38, "female": 2, "medal": 2, "country": "PRK"}, {"participants": 51, "male": 39, "female": 12, "medal": 17, "country": "KOR"}, {"participants": 81, "male": 68, "female": 13, "medal": 8, "country": "DEN"}, {"participants": 28, "male": 26, "female": 2, "medal": 0, "country": "GUA"}, {"participants": 26, "male": 22, "female": 4, "medal": 0, "country": "ISV"}, {"participants": 56, "male": 34, "female": 22, "medal": 1, "country": "VEN"}, {"participants": 62, "male": 55, "female": 7, "medal": 1, "country": "THA"}, {"participants": 73, "male": 67, "female": 6, "medal": 1, "country": "AUT"}, {"participants": 11, "male": 9, "female": 2, "medal": 0, "country": "CIV"}, {"participants": 33, "male": 30, "female": 3, "medal": 0, "country": "SEN"}, {"participants": 9, "male": 9, "female": 0, "medal": 0, "country": "MAR"}, {"participants": 33, "male": 31, "female": 2, "medal": 1, "country": "MGL"}, {"participants": 34, "male": 32, "female": 2, "medal": 0, "country": "ISR"}, {"participants": 10, "male": 10, "female": 0, "medal": 0, "country": "MON"}, {"participants": 20, "male": 19, "female": 1, "medal": 1, "country": "BER"}, {"participants": 9, "male": 9, "female": 0, "medal": 0, "country": "LUX"}, {"participants": 4, "male": 4, "female": 0, "medal": 0, "country": "SUR"}, {"participants": 9, "male": 6, "female": 3, "medal": 0, "country": "LIE"}, {"participants": 59, "male": 54, "female": 5, "medal": 0, "country": "IRL"}, {"participants": 19, "male": 17, "female": 2, "medal": 0, "country": "BAH"}, {"participants": 14, "male": 0, "female": 14, "medal": 0, "country": "PER"}, {"participants": 10, "male": 8, "female": 2, "medal": 0, "country": "SMR"}, {"participants": 50, "male": 46, "female": 4, "medal": 0, "country": "HKG"}, {"participants": 14, "male": 11, "female": 3, "medal": 0, "country": "HAI"}, {"participants": 4, "male": 3, "female": 1, "medal": 0, "country": "SGP"}, {"participants": 17, "male": 17, "female": 0, "medal": 0, "country": "ANT"}, {"participants": 17, "male": 14, "female": 3, "medal": 0, "country": "BAR"}, {"participants": 9, "male": 9, "female": 0, "medal": 0, "country": "PNG"}, {"participants": 8, "male": 8, "female": 0, "medal": 0, "country": "ECU"}, {"participants": 3, "male": 3, "female": 0, "medal": 0, "country": "AND"}, {"participants": 9, "male": 9, "female": 0, "medal": 0, "country": "CHI"}, {"participants": 4, "male": 4, "female": 0, "medal": 0, "country": "LIB"}, {"participants": 4, "male": 4, "female": 0, "medal": 0, "country": "AHO"}, {"participants": 3, "male": 3, "female": 0, "medal": 0, "country": "HON"}, {"participants": 5, "male": 5, "female": 0, "medal": 0, "country": "BOL"}, {"participants": 11, "male": 8, "female": 3, "medal": 0, "country": "INA"}, {"participants": 2, "male": 2, "female": 0, "medal": 0, "country": "CAY"}, {"participants": 4, "male": 4, "female": 0, "medal": 0, "country": "CMR"}, {"participants": 1, "male": 1, "female": 0, "medal": 0, "country": "NEP"}, {"participants": 5, "male": 3, "female": 2, "medal": 0, "country": "FIJ"}, {"participants": 4, "male": 4, "female": 0, "medal": 0, "country": "BIZ"}]