[{"participants": 211, "male": 187, "female": 24, "medal": 24, "country": "ESP"}, {"participants": 660, "male": 443, "female": 217, "medal": 442, "country": "URS"}, {"participants": 203, "male": 146, "female": 57, "medal": 37, "country": "ITA"}, {"participants": 67, "male": 67, "female": 0, "medal": 0, "country": "KUW"}, {"participants": 63, "male": 63, "female": 0, "medal": 0, "country": "ALG"}, {"participants": 44, "male": 44, "female": 0, "medal": 0, "country": "IRQ"}, {"participants": 71, "male": 68, "female": 3, "medal": 0, "country": "SYR"}, {"participants": 38, "male": 33, "female": 5, "medal": 0, "country": "LBA"}, {"participants": 25, "male": 11, "female": 14, "medal": 0, "country": "CGO"}, {"participants": 397, "male": 261, "female": 136, "medal": 90, "country": "BUL"}, {"participants": 17, "male": 16, "female": 1, "medal": 0, "country": "BEN"}, {"participants": 328, "male": 218, "female": 110, "medal": 47, "country": "GBR"}, {"participants": 418, "male": 295, "female": 123, "medal": 50, "country": "POL"}, {"participants": 288, "male": 252, "female": 36, "medal": 20, "country": "CUB"}, {"participants": 18, "male": 13, "female": 5, "medal": 0, "country": "POR"}, {"participants": 43, "male": 43, "female": 0, "medal": 1, "country": "VEN"}, {"participants": 317, "male": 237, "female": 80, "medal": 51, "country": "TCH"}, {"participants": 15, "male": 15, "female": 0, "medal": 0, "country": "TTO"}, {"participants": 201, "male": 156, "female": 45, "medal": 20, "country": "SWE"}, {"participants": 112, "male": 83, "female": 29, "medal": 6, "country": "NED"}, {"participants": 56, "male": 46, "female": 10, "medal": 0, "country": "NGR"}, {"participants": 149, "male": 130, "female": 19, "medal": 9, "country": "BRA"}, {"participants": 57, "male": 45, "female": 12, "medal": 4, "country": "MGL"}, {"participants": 86, "male": 77, "female": 9, "medal": 2, "country": "SUI"}, {"participants": 21, "male": 17, "female": 4, "medal": 0, "country": "SEY"}, {"participants": 200, "male": 168, "female": 32, "medal": 29, "country": "FRA"}, {"participants": 12, "male": 11, "female": 1, "medal": 0, "country": "MLT"}, {"participants": 10, "male": 10, "female": 0, "medal": 0, "country": "GUI"}, {"participants": 37, "male": 33, "female": 4, "medal": 0, "country": "CRC"}, {"participants": 29, "male": 25, "female": 4, "medal": 0, "country": "CMR"}, {"participants": 78, "male": 61, "female": 17, "medal": 16, "country": "IND"}, {"participants": 125, "male": 119, "female": 6, "medal": 9, "country": "FIN"}, {"participants": 32, "male": 25, "female": 7, "medal": 0, "country": "SLE"}, {"participants": 16, "male": 16, "female": 0, "medal": 1, "country": "UGA"}, {"participants": 11, "male": 11, "female": 0, "medal": 0, "country": "AFG"}, {"participants": 19, "male": 19, "female": 0, "medal": 1, "country": "LIB"}, {"participants": 84, "male": 54, "female": 30, "medal": 1, "country": "BEL"}, {"participants": 32, "male": 18, "female": 14, "medal": 3, "country": "JAM"}, {"participants": 180, "male": 152, "female": 28, "medal": 57, "country": "YUG"}, {"participants": 48, "male": 46, "female": 2, "medal": 4, "country": "ETH"}, {"participants": 45, "male": 40, "female": 5, "medal": 5, "country": "GRE"}, {"participants": 339, "male": 220, "female": 119, "medal": 68, "country": "ROU"}, {"participants": 16, "male": 13, "female": 3, "medal": 0, "country": "MOZ"}, {"participants": 28, "male": 28, "female": 0, "medal": 0, "country": "COL"}, {"participants": 6, "male": 3, "female": 3, "medal": 0, "country": "NCA"}, {"participants": 190, "male": 131, "female": 59, "medal": 13, "country": "AUS"}, {"participants": 48, "male": 40, "female": 8, "medal": 2, "country": "TAN"}, {"participants": 392, "male": 270, "female": 122, "medal": 61, "country": "HUN"}, {"participants": 74, "male": 50, "female": 24, "medal": 10, "country": "MEX"}, {"participants": 495, "male": 306, "female": 189, "medal": 264, "country": "GDR"}, {"participants": 18, "male": 12, "female": 6, "medal": 0, "country": "MAD"}, {"participants": 10, "male": 8, "female": 2, "medal": 1, "country": "GUY"}, {"participants": 15, "male": 13, "female": 2, "medal": 0, "country": "CYP"}, {"participants": 16, "male": 15, "female": 1, "medal": 0, "country": "ECU"}, {"participants": 92, "male": 72, "female": 20, "medal": 5, "country": "AUT"}, {"participants": 38, "male": 18, "female": 20, "medal": 0, "country": "PER"}, {"participants": 39, "male": 35, "female": 4, "medal": 0, "country": "SEN"}, {"participants": 43, "male": 43, "female": 0, "medal": 0, "country": "ZAM"}, {"participants": 60, "male": 56, "female": 4, "medal": 8, "country": "DEN"}, {"participants": 10, "male": 10, "female": 0, "medal": 0, "country": "NEP"}, {"participants": 57, "male": 52, "female": 5, "medal": 3, "country": "IRL"}, {"participants": 12, "male": 12, "female": 0, "medal": 0, "country": "ISL"}, {"participants": 19, "male": 17, "female": 2, "medal": 0, "country": "LAO"}, {"participants": 4, "male": 4, "female": 0, "medal": 0, "country": "LUX"}, {"participants": 17, "male": 15, "female": 2, "medal": 0, "country": "ANG"}, {"participants": 52, "male": 30, "female": 22, "medal": 15, "country": "ZIM"}, {"participants": 16, "male": 16, "female": 0, "medal": 0, "country": "SMR"}, {"participants": 7, "male": 6, "female": 1, "medal": 0, "country": "DOM"}, {"participants": 121, "male": 83, "female": 38, "medal": 5, "country": "PRK"}, {"participants": 8, "male": 8, "female": 0, "medal": 0, "country": "BOT"}, {"participants": 38, "male": 28, "female": 10, "medal": 0, "country": "VIE"}, {"participants": 10, "male": 10, "female": 0, "medal": 0, "country": "GUA"}, {"participants": 4, "male": 4, "female": 0, "medal": 0, "country": "SRI"}, {"participants": 7, "male": 6, "female": 1, "medal": 0, "country": "MLI"}, {"participants": 7, "male": 7, "female": 0, "medal": 0, "country": "NZL"}, {"participants": 2, "male": 2, "female": 0, "medal": 0, "country": "AND"}, {"participants": 7, "male": 7, "female": 0, "medal": 0, "country": "LES"}, {"participants": 6, "male": 6, "female": 0, "medal": 0, "country": "JOR"}, {"participants": 3, "male": 3, "female": 0, "medal": 0, "country": "PUR"}, {"participants": 2, "male": 2, "female": 0, "medal": 0, "country": "MYA"}]