[{"participants": 185, "male": 100, "female": 85, "medal": 41, "country": "NED"}, {"participants": 257, "male": 208, "female": 49, "medal": 19, "country": "ESP"}, {"participants": 64, "male": 60, "female": 4, "medal": 0, "country": "CHI"}, {"participants": 368, "male": 292, "female": 76, "medal": 63, "country": "ITA"}, {"participants": 27, "male": 23, "female": 4, "medal": 0, "country": "MAS"}, {"participants": 15, "male": 14, "female": 1, "medal": 0, "country": "JOR"}, {"participants": 148, "male": 137, "female": 11, "medal": 1, "country": "EGY"}, {"participants": 572, "male": 349, "female": 223, "medal": 87, "country": "CAN"}, {"participants": 42, "male": 42, "female": 0, "medal": 0, "country": "KSA"}, {"participants": 14, "male": 14, "female": 0, "medal": 0, "country": "BRN"}, {"participants": 11, "male": 11, "female": 0, "medal": 0, "country": "UAE"}, {"participants": 365, "male": 260, "female": 105, "medal": 49, "country": "JPN"}, {"participants": 56, "male": 50, "female": 6, "medal": 1, "country": "CMR"}, {"participants": 354, "male": 278, "female": 76, "medal": 67, "country": "FRA"}, {"participants": 3, "male": 3, "female": 0, "medal": 0, "country": "BEN"}, {"participants": 33, "male": 33, "female": 0, "medal": 2, "country": "ALG"}, {"participants": 25, "male": 25, "female": 0, "medal": 0, "country": "IRQ"}, {"participants": 53, "male": 43, "female": 10, "medal": 0, "country": "IND"}, {"participants": 32, "male": 31, "female": 1, "medal": 0, "country": "CRC"}, {"participants": 693, "male": 437, "female": 256, "medal": 352, "country": "USA"}, {"participants": 197, "male": 167, "female": 30, "medal": 36, "country": "BRA"}, {"participants": 31, "male": 31, "female": 0, "medal": 0, "country": "KUW"}, {"participants": 155, "male": 114, "female": 41, "medal": 6, "country": "MEX"}, {"participants": 245, "male": 176, "female": 69, "medal": 13, "country": "SUI"}, {"participants": 30, "male": 28, "female": 2, "medal": 0, "country": "UGA"}, {"participants": 15, "male": 14, "female": 1, "medal": 0, "country": "ECU"}, {"participants": 162, "male": 121, "female": 41, "medal": 23, "country": "NZL"}, {"participants": 67, "male": 61, "female": 6, "medal": 3, "country": "KEN"}, {"participants": 24, "male": 17, "female": 7, "medal": 1, "country": "DOM"}, {"participants": 509, "male": 331, "female": 178, "medal": 71, "country": "GBR"}, {"participants": 337, "male": 227, "female": 110, "medal": 52, "country": "AUS"}, {"participants": 75, "male": 51, "female": 24, "medal": 7, "country": "JAM"}, {"participants": 27, "male": 16, "female": 11, "medal": 0, "country": "GHA"}, {"participants": 36, "male": 33, "female": 3, "medal": 5, "country": "NGR"}, {"participants": 9, "male": 9, "female": 0, "medal": 0, "country": "SOM"}, {"participants": 18, "male": 17, "female": 1, "medal": 1, "country": "CIV"}, {"participants": 254, "male": 185, "female": 69, "medal": 34, "country": "SWE"}, {"participants": 8, "male": 8, "female": 0, "medal": 0, "country": "MON"}, {"participants": 23, "male": 19, "female": 4, "medal": 0, "country": "INA"}, {"participants": 35, "male": 31, "female": 4, "medal": 1, "country": "ISL"}, {"participants": 35, "male": 34, "female": 1, "medal": 2, "country": "MAR"}, {"participants": 193, "male": 96, "female": 97, "medal": 106, "country": "ROU"}, {"participants": 7, "male": 5, "female": 2, "medal": 0, "country": "MLT"}, {"participants": 5, "male": 4, "female": 1, "medal": 0, "country": "LUX"}, {"participants": 571, "male": 374, "female": 197, "medal": 158, "country": "FRG"}, {"participants": 58, "male": 48, "female": 10, "medal": 2, "country": "PUR"}, {"participants": 12, "male": 12, "female": 0, "medal": 0, "country": "CYP"}, {"participants": 115, "male": 98, "female": 17, "medal": 0, "country": "ARG"}, {"participants": 10, "male": 9, "female": 1, "medal": 0, "country": "PAN"}, {"participants": 132, "male": 105, "female": 27, "medal": 4, "country": "NOR"}, {"participants": 26, "male": 26, "female": 0, "medal": 0, "country": "QAT"}, {"participants": 33, "male": 33, "female": 0, "medal": 16, "country": "PAK"}, {"participants": 9, "male": 9, "female": 0, "medal": 1, "country": "SYR"}, {"participants": 62, "male": 59, "female": 3, "medal": 3, "country": "TUR"}, {"participants": 9, "male": 9, "female": 0, "medal": 0, "country": "SUD"}, {"participants": 107, "male": 90, "female": 17, "medal": 12, "country": "FIN"}, {"participants": 22, "male": 22, "female": 0, "medal": 0, "country": "OMA"}, {"participants": 3, "male": 3, "female": 0, "medal": 0, "country": "YAR"}, {"participants": 73, "male": 67, "female": 6, "medal": 2, "country": "GRE"}, {"participants": 4, "male": 4, "female": 0, "medal": 0, "country": "NIG"}, {"participants": 53, "male": 39, "female": 14, "medal": 0, "country": "GUA"}, {"participants": 28, "male": 24, "female": 4, "medal": 0, "country": "TUN"}, {"participants": 44, "male": 25, "female": 19, "medal": 1, "country": "PER"}, {"participants": 40, "male": 29, "female": 11, "medal": 1, "country": "THA"}, {"participants": 3, "male": 3, "female": 0, "medal": 0, "country": "CAF"}, {"participants": 44, "male": 43, "female": 1, "medal": 3, "country": "VEN"}, {"participants": 65, "male": 46, "female": 19, "medal": 0, "country": "ISR"}, {"participants": 21, "male": 18, "female": 3, "medal": 0, "country": "TAN"}, {"participants": 240, "male": 171, "female": 69, "medal": 41, "country": "KOR"}, {"participants": 154, "male": 119, "female": 35, "medal": 87, "country": "YUG"}, {"participants": 74, "male": 61, "female": 13, "medal": 13, "country": "DEN"}, {"participants": 7, "male": 6, "female": 1, "medal": 0, "country": "MRI"}, {"participants": 14, "male": 14, "female": 0, "medal": 0, "country": "SGP"}, {"participants": 48, "male": 37, "female": 11, "medal": 3, "country": "POR"}, {"participants": 86, "male": 64, "female": 22, "medal": 5, "country": "BEL"}, {"participants": 48, "male": 45, "female": 3, "medal": 1, "country": "COL"}, {"participants": 23, "male": 15, "female": 8, "medal": 0, "country": "TTO"}, {"participants": 30, "male": 29, "female": 1, "medal": 0, "country": "LIB"}, {"participants": 13, "male": 12, "female": 1, "medal": 0, "country": "BOL"}, {"participants": 26, "male": 18, "female": 8, "medal": 0, "country": "FIJ"}, {"participants": 32, "male": 24, "female": 8, "medal": 0, "country": "PHI"}, {"participants": 3, "male": 3, "female": 0, "medal": 0, "country": "SOL"}, {"participants": 130, "male": 89, "female": 41, "medal": 3, "country": "AUT"}, {"participants": 9, "male": 9, "female": 0, "medal": 0, "country": "SAM"}, {"participants": 26, "male": 21, "female": 5, "medal": 0, "country": "HON"}, {"participants": 23, "male": 23, "female": 0, "medal": 0, "country": "MAW"}, {"participants": 323, "male": 200, "female": 123, "medal": 74, "country": "CHN"}, {"participants": 29, "male": 28, "female": 1, "medal": 0, "country": "SEN"}, {"participants": 9, "male": 8, "female": 1, "medal": 0, "country": "COD"}, {"participants": 8, "male": 8, "female": 0, "medal": 0, "country": "BOT"}, {"participants": 13, "male": 13, "female": 0, "medal": 0, "country": "IVB"}, {"participants": 12, "male": 10, "female": 2, "medal": 0, "country": "GUY"}, {"participants": 6, "male": 5, "female": 1, "medal": 0, "country": "GRN"}, {"participants": 25, "male": 22, "female": 3, "medal": 0, "country": "BAR"}, {"participants": 13, "male": 6, "female": 7, "medal": 0, "country": "AHO"}, {"participants": 13, "male": 11, "female": 2, "medal": 0, "country": "CGO"}, {"participants": 10, "male": 9, "female": 1, "medal": 0, "country": "SLE"}, {"participants": 27, "male": 19, "female": 8, "medal": 0, "country": "ANT"}, {"participants": 18, "male": 18, "female": 0, "medal": 0, "country": "PAR"}, {"participants": 52, "male": 46, "female": 6, "medal": 0, "country": "ISV"}, {"participants": 5, "male": 5, "female": 0, "medal": 0, "country": "MAD"}, {"participants": 14, "male": 13, "female": 1, "medal": 0, "country": "CAY"}, {"participants": 6, "male": 6, "female": 0, "medal": 0, "country": "TOG"}, {"participants": 6, "male": 6, "female": 0, "medal": 0, "country": "SRI"}, {"participants": 31, "male": 28, "female": 3, "medal": 0, "country": "SMR"}, {"participants": 15, "male": 12, "female": 3, "medal": 0, "country": "SEY"}, {"participants": 5, "male": 5, "female": 0, "medal": 0, "country": "GEQ"}, {"participants": 12, "male": 7, "female": 5, "medal": 0, "country": "PNG"}, {"participants": 8, "male": 6, "female": 2, "medal": 0, "country": "LIE"}, {"participants": 13, "male": 12, "female": 1, "medal": 0, "country": "BER"}, {"participants": 6, "male": 4, "female": 2, "medal": 0, "country": "RWA"}, {"participants": 15, "male": 13, "female": 2, "medal": 0, "country": "ESA"}, {"participants": 55, "male": 35, "female": 20, "medal": 1, "country": "IRL"}, {"participants": 16, "male": 10, "female": 6, "medal": 0, "country": "GAM"}, {"participants": 5, "male": 5, "female": 0, "medal": 0, "country": "NCA"}, {"participants": 52, "male": 39, "female": 13, "medal": 1, "country": "TPE"}, {"participants": 3, "male": 3, "female": 0, "medal": 0, "country": "DJI"}, {"participants": 13, "male": 13, "female": 0, "medal": 0, "country": "BIZ"}, {"participants": 87, "male": 60, "female": 27, "medal": 0, "country": "HKG"}, {"participants": 6, "male": 3, "female": 3, "medal": 0, "country": "BHU"}, {"participants": 18, "male": 18, "female": 0, "medal": 1, "country": "ZAM"}, {"participants": 20, "male": 17, "female": 3, "medal": 0, "country": "ZIM"}, {"participants": 14, "male": 12, "female": 2, "medal": 0, "country": "MOZ"}, {"participants": 31, "male": 23, "female": 8, "medal": 0, "country": "BAH"}, {"participants": 7, "male": 7, "female": 0, "medal": 0, "country": "SUR"}, {"participants": 10, "male": 9, "female": 1, "medal": 0, "country": "LBR"}, {"participants": 2, "male": 2, "female": 0, "medal": 0, "country": "BAN"}, {"participants": 1, "male": 1, "female": 0, "medal": 0, "country": "GUI"}, {"participants": 2, "male": 2, "female": 0, "medal": 0, "country": "MTN"}, {"participants": 5, "male": 5, "female": 0, "medal": 0, "country": "MLI"}, {"participants": 3, "male": 3, "female": 0, "medal": 0, "country": "CHA"}, {"participants": 11, "male": 11, "female": 0, "medal": 0, "country": "SWZ"}, {"participants": 23, "male": 21, "female": 2, "medal": 0, "country": "URU"}, {"participants": 3, "male": 1, "female": 2, "medal": 0, "country": "HAI"}, {"participants": 2, "male": 2, "female": 0, "medal": 0, "country": "AND"}, {"participants": 10, "male": 10, "female": 0, "medal": 0, "country": "NEP"}, {"participants": 7, "male": 7, "female": 0, "medal": 0, "country": "TGA"}, {"participants": 1, "male": 1, "female": 0, "medal": 0, "country": "MYA"}, {"participants": 4, "male": 2, "female": 2, "medal": 0, "country": "GAB"}, {"participants": 5, "male": 5, "female": 0, "medal": 0, "country": "LES"}]