[{"participants": 202, "male": 117, "female": 85, "medal": 45, "country": "NED"}, {"participants": 281, "male": 159, "female": 122, "medal": 41, "country": "BUL"}, {"participants": 374, "male": 302, "female": 72, "medal": 29, "country": "ITA"}, {"participants": 31, "male": 28, "female": 3, "medal": 0, "country": "LIB"}, {"participants": 59, "male": 58, "female": 1, "medal": 0, "country": "EGY"}, {"participants": 45, "male": 42, "female": 3, "medal": 0, "country": "ALG"}, {"participants": 6, "male": 6, "female": 0, "medal": 1, "country": "DJI"}, {"participants": 9, "male": 9, "female": 0, "medal": 0, "country": "MDV"}, {"participants": 8, "male": 8, "female": 0, "medal": 0, "country": "YAR"}, {"participants": 36, "male": 36, "female": 0, "medal": 0, "country": "UAE"}, {"participants": 86, "male": 71, "female": 15, "medal": 0, "country": "NGR"}, {"participants": 34, "male": 34, "female": 0, "medal": 0, "country": "KUW"}, {"participants": 647, "male": 416, "female": 231, "medal": 300, "country": "URS"}, {"participants": 412, "male": 279, "female": 133, "medal": 20, "country": "JPN"}, {"participants": 317, "male": 252, "female": 65, "medal": 5, "country": "ESP"}, {"participants": 251, "male": 193, "female": 58, "medal": 16, "country": "SWE"}, {"participants": 402, "male": 233, "female": 169, "medal": 181, "country": "GDR"}, {"participants": 45, "male": 40, "female": 5, "medal": 0, "country": "TUN"}, {"participants": 28, "male": 28, "female": 0, "medal": 0, "country": "IRQ"}, {"participants": 6, "male": 6, "female": 0, "medal": 0, "country": "NIG"}, {"participants": 7, "male": 7, "female": 0, "medal": 0, "country": "LBA"}, {"participants": 315, "male": 235, "female": 80, "medal": 44, "country": "HUN"}, {"participants": 55, "male": 45, "female": 10, "medal": 0, "country": "IND"}, {"participants": 8, "male": 7, "female": 1, "medal": 0, "country": "GUY"}, {"participants": 91, "male": 76, "female": 15, "medal": 1, "country": "POR"}, {"participants": 413, "male": 291, "female": 122, "medal": 29, "country": "FRA"}, {"participants": 715, "male": 431, "female": 284, "medal": 207, "country": "USA"}, {"participants": 516, "male": 354, "female": 162, "medal": 115, "country": "FRG"}, {"participants": 88, "male": 82, "female": 6, "medal": 9, "country": "KEN"}, {"participants": 9, "male": 7, "female": 2, "medal": 0, "country": "JOR"}, {"participants": 18, "male": 16, "female": 2, "medal": 0, "country": "URU"}, {"participants": 29, "male": 25, "female": 4, "medal": 3, "country": "MAR"}, {"participants": 21, "male": 17, "female": 4, "medal": 0, "country": "CMR"}, {"participants": 30, "male": 22, "female": 8, "medal": 0, "country": "UGA"}, {"participants": 233, "male": 181, "female": 52, "medal": 23, "country": "BRA"}, {"participants": 144, "male": 115, "female": 29, "medal": 2, "country": "MEX"}, {"participants": 7, "male": 7, "female": 0, "medal": 0, "country": "MTN"}, {"participants": 226, "male": 135, "female": 91, "medal": 10, "country": "TCH"}, {"participants": 6, "male": 5, "female": 1, "medal": 0, "country": "VIN"}, {"participants": 472, "male": 292, "female": 180, "medal": 54, "country": "GBR"}, {"participants": 56, "male": 49, "female": 7, "medal": 0, "country": "PUR"}, {"participants": 339, "male": 234, "female": 105, "medal": 35, "country": "AUS"}, {"participants": 49, "male": 30, "female": 19, "medal": 7, "country": "JAM"}, {"participants": 42, "male": 35, "female": 7, "medal": 1, "country": "PHI"}, {"participants": 5, "male": 5, "female": 0, "medal": 0, "country": "SOM"}, {"participants": 21, "male": 13, "female": 8, "medal": 0, "country": "GHA"}, {"participants": 43, "male": 33, "female": 10, "medal": 3, "country": "INA"}, {"participants": 151, "male": 114, "female": 37, "medal": 8, "country": "SUI"}, {"participants": 26, "male": 26, "female": 0, "medal": 1, "country": "IRI"}, {"participants": 33, "male": 33, "female": 0, "medal": 1, "country": "PAK"}, {"participants": 5, "male": 4, "female": 1, "medal": 0, "country": "HAI"}, {"participants": 6, "male": 5, "female": 1, "medal": 0, "country": "MLT"}, {"participants": 134, "male": 102, "female": 32, "medal": 13, "country": "ARG"}, {"participants": 6, "male": 6, "female": 0, "medal": 0, "country": "TOG"}, {"participants": 33, "male": 13, "female": 20, "medal": 1, "country": "CRC"}, {"participants": 23, "male": 22, "female": 1, "medal": 1, "country": "CHI"}, {"participants": 5, "male": 5, "female": 0, "medal": 0, "country": "YMD"}, {"participants": 101, "male": 73, "female": 28, "medal": 4, "country": "FIN"}, {"participants": 51, "male": 43, "female": 8, "medal": 2, "country": "TUR"}, {"participants": 10, "male": 10, "female": 0, "medal": 0, "country": "TAN"}, {"participants": 13, "male": 13, "female": 0, "medal": 0, "country": "KSA"}, {"participants": 13, "male": 13, "female": 0, "medal": 0, "country": "SYR"}, {"participants": 13, "male": 13, "female": 0, "medal": 0, "country": "OMA"}, {"participants": 16, "male": 16, "female": 0, "medal": 0, "country": "BRN"}, {"participants": 13, "male": 13, "female": 0, "medal": 0, "country": "QAT"}, {"participants": 11, "male": 11, "female": 0, "medal": 0, "country": "BAN"}, {"participants": 10, "male": 8, "female": 2, "medal": 0, "country": "BEN"}, {"participants": 57, "male": 42, "female": 15, "medal": 1, "country": "COL"}, {"participants": 503, "male": 322, "female": 181, "medal": 23, "country": "CAN"}, {"participants": 18, "male": 17, "female": 1, "medal": 0, "country": "DOM"}, {"participants": 72, "male": 53, "female": 19, "medal": 1, "country": "GRE"}, {"participants": 14, "male": 13, "female": 1, "medal": 0, "country": "BER"}, {"participants": 11, "male": 11, "female": 0, "medal": 0, "country": "SAM"}, {"participants": 79, "male": 50, "female": 29, "medal": 22, "country": "NOR"}, {"participants": 26, "male": 11, "female": 15, "medal": 12, "country": "PER"}, {"participants": 17, "male": 9, "female": 8, "medal": 0, "country": "MAS"}, {"participants": 15, "male": 15, "female": 0, "medal": 0, "country": "CAF"}, {"participants": 183, "male": 138, "female": 45, "medal": 63, "country": "YUG"}, {"participants": 29, "male": 21, "female": 8, "medal": 0, "country": "ISR"}, {"participants": 21, "male": 18, "female": 3, "medal": 0, "country": "COD"}, {"participants": 551, "male": 352, "female": 199, "medal": 77, "country": "KOR"}, {"participants": 26, "male": 20, "female": 6, "medal": 0, "country": "GUM"}, {"participants": 112, "male": 92, "female": 20, "medal": 24, "country": "NZL"}, {"participants": 172, "male": 83, "female": 89, "medal": 58, "country": "ROU"}, {"participants": 27, "male": 26, "female": 1, "medal": 0, "country": "SGP"}, {"participants": 18, "male": 13, "female": 5, "medal": 0, "country": "HON"}, {"participants": 8, "male": 8, "female": 0, "medal": 0, "country": "SUD"}, {"participants": 96, "male": 87, "female": 9, "medal": 1, "country": "AUT"}, {"participants": 85, "male": 50, "female": 35, "medal": 2, "country": "BEL"}, {"participants": 37, "male": 29, "female": 8, "medal": 0, "country": "GUA"}, {"participants": 42, "male": 34, "female": 8, "medal": 0, "country": "ISL"}, {"participants": 12, "male": 8, "female": 4, "medal": 0, "country": "MOZ"}, {"participants": 11, "male": 7, "female": 4, "medal": 0, "country": "LUX"}, {"participants": 4, "male": 4, "female": 0, "medal": 0, "country": "IVB"}, {"participants": 41, "male": 26, "female": 15, "medal": 0, "country": "FIJ"}, {"participants": 10, "male": 6, "female": 4, "medal": 1, "country": "SUR"}, {"participants": 26, "male": 24, "female": 2, "medal": 0, "country": "BAR"}, {"participants": 35, "male": 34, "female": 1, "medal": 1, "country": "SEN"}, {"participants": 91, "male": 67, "female": 24, "medal": 0, "country": "HKG"}, {"participants": 15, "male": 12, "female": 3, "medal": 0, "country": "PNG"}, {"participants": 7, "male": 6, "female": 1, "medal": 0, "country": "ESA"}, {"participants": 32, "male": 25, "female": 7, "medal": 1, "country": "MGL"}, {"participants": 11, "male": 8, "female": 3, "medal": 0, "country": "CYP"}, {"participants": 29, "male": 12, "female": 17, "medal": 0, "country": "CIV"}, {"participants": 22, "male": 22, "female": 0, "medal": 0, "country": "MAW"}, {"participants": 7, "male": 7, "female": 0, "medal": 0, "country": "GUI"}, {"participants": 12, "male": 11, "female": 1, "medal": 0, "country": "CAY"}, {"participants": 46, "male": 41, "female": 5, "medal": 1, "country": "ISV"}, {"participants": 47, "male": 38, "female": 9, "medal": 0, "country": "ZIM"}, {"participants": 192, "male": 144, "female": 48, "medal": 21, "country": "POL"}, {"participants": 130, "male": 90, "female": 40, "medal": 7, "country": "DEN"}, {"participants": 33, "male": 22, "female": 11, "medal": 0, "country": "ANG"}, {"participants": 20, "male": 17, "female": 3, "medal": 0, "country": "NEP"}, {"participants": 16, "male": 13, "female": 3, "medal": 0, "country": "LIE"}, {"participants": 9, "male": 8, "female": 1, "medal": 0, "country": "MON"}, {"participants": 5, "male": 5, "female": 0, "medal": 0, "country": "SOL"}, {"participants": 12, "male": 8, "female": 4, "medal": 0, "country": "BOL"}, {"participants": 13, "male": 13, "female": 0, "medal": 0, "country": "BIZ"}, {"participants": 10, "male": 7, "female": 3, "medal": 0, "country": "CGO"}, {"participants": 15, "male": 15, "female": 0, "medal": 0, "country": "SMR"}, {"participants": 11, "male": 8, "female": 3, "medal": 0, "country": "LBR"}, {"participants": 4, "male": 3, "female": 1, "medal": 1, "country": "AHO"}, {"participants": 13, "male": 13, "female": 0, "medal": 0, "country": "PAR"}, {"participants": 17, "male": 15, "female": 2, "medal": 0, "country": "VEN"}, {"participants": 9, "male": 5, "female": 4, "medal": 0, "country": "SRI"}, {"participants": 7, "male": 5, "female": 2, "medal": 0, "country": "GEQ"}, {"participants": 2, "male": 1, "female": 1, "medal": 0, "country": "GAB"}, {"participants": 25, "male": 21, "female": 4, "medal": 0, "country": "ANT"}, {"participants": 78, "male": 65, "female": 13, "medal": 0, "country": "IRL"}, {"participants": 33, "male": 33, "female": 0, "medal": 0, "country": "ZAM"}, {"participants": 427, "male": 233, "female": 194, "medal": 52, "country": "CHN"}, {"participants": 8, "male": 6, "female": 2, "medal": 0, "country": "MLI"}, {"participants": 15, "male": 11, "female": 4, "medal": 0, "country": "ECU"}, {"participants": 123, "male": 73, "female": 50, "medal": 0, "country": "TPE"}, {"participants": 15, "male": 13, "female": 2, "medal": 1, "country": "THA"}, {"participants": 10, "male": 5, "female": 5, "medal": 0, "country": "TTO"}, {"participants": 11, "male": 9, "female": 2, "medal": 0, "country": "MRI"}, {"participants": 7, "male": 4, "female": 3, "medal": 0, "country": "GRN"}, {"participants": 18, "male": 13, "female": 5, "medal": 0, "country": "BAH"}, {"participants": 5, "male": 5, "female": 0, "medal": 0, "country": "AFG"}, {"participants": 6, "male": 5, "female": 1, "medal": 0, "country": "GAM"}, {"participants": 6, "male": 4, "female": 2, "medal": 0, "country": "VAN"}, {"participants": 12, "male": 10, "female": 2, "medal": 0, "country": "VIE"}, {"participants": 9, "male": 9, "female": 0, "medal": 0, "country": "PAN"}, {"participants": 15, "male": 15, "female": 0, "medal": 0, "country": "SWZ"}, {"participants": 20, "male": 19, "female": 1, "medal": 0, "country": "SLE"}, {"participants": 6, "male": 6, "female": 0, "medal": 0, "country": "BHU"}, {"participants": 8, "male": 4, "female": 4, "medal": 0, "country": "RWA"}, {"participants": 6, "male": 6, "female": 0, "medal": 0, "country": "ASA"}, {"participants": 7, "male": 5, "female": 2, "medal": 0, "country": "TGA"}, {"participants": 12, "male": 5, "female": 7, "medal": 0, "country": "ARU"}, {"participants": 6, "male": 6, "female": 0, "medal": 0, "country": "CHA"}, {"participants": 11, "male": 11, "female": 0, "medal": 0, "country": "BOT"}, {"participants": 4, "male": 4, "female": 0, "medal": 0, "country": "AND"}, {"participants": 9, "male": 7, "female": 2, "medal": 0, "country": "BUR"}, {"participants": 8, "male": 6, "female": 2, "medal": 0, "country": "COK"}, {"participants": 6, "male": 6, "female": 0, "medal": 0, "country": "LES"}, {"participants": 3, "male": 0, "female": 3, "medal": 0, "country": "MYA"}, {"participants": 3, "male": 2, "female": 1, "medal": 0, "country": "LAO"}]