[{"participants": 394, "male": 189, "female": 205, "medal": 82, "country": "CHN"}, {"participants": 130, "male": 90, "female": 40, "medal": 7, "country": "FIN"}, {"participants": 114, "male": 72, "female": 42, "medal": 23, "country": "NOR"}, {"participants": 46, "male": 40, "female": 6, "medal": 3, "country": "EST"}, {"participants": 7, "male": 5, "female": 2, "medal": 0, "country": "CHA"}, {"participants": 196, "male": 139, "female": 57, "medal": 69, "country": "CUB"}, {"participants": 15, "male": 12, "female": 3, "medal": 0, "country": "CHI"}, {"participants": 351, "male": 240, "female": 111, "medal": 45, "country": "HUN"}, {"participants": 431, "male": 324, "female": 107, "medal": 45, "country": "ITA"}, {"participants": 28, "male": 28, "female": 0, "medal": 16, "country": "PAK"}, {"participants": 83, "male": 77, "female": 6, "medal": 0, "country": "EGY"}, {"participants": 36, "male": 34, "female": 2, "medal": 2, "country": "ALG"}, {"participants": 30, "male": 30, "female": 0, "medal": 1, "country": "QAT"}, {"participants": 8, "male": 8, "female": 0, "medal": 0, "country": "DJI"}, {"participants": 30, "male": 30, "female": 0, "medal": 2, "country": "MAS"}, {"participants": 8, "male": 8, "female": 0, "medal": 0, "country": "IRQ"}, {"participants": 37, "male": 37, "female": 0, "medal": 0, "country": "KUW"}, {"participants": 37, "male": 23, "female": 14, "medal": 0, "country": "SGP"}, {"participants": 650, "male": 405, "female": 245, "medal": 220, "country": "EUN"}, {"participants": 392, "male": 266, "female": 126, "medal": 47, "country": "JPN"}, {"participants": 24, "male": 18, "female": 6, "medal": 3, "country": "ETH"}, {"participants": 537, "male": 360, "female": 177, "medal": 69, "country": "ESP"}, {"participants": 18, "male": 10, "female": 8, "medal": 0, "country": "CIV"}, {"participants": 61, "male": 54, "female": 7, "medal": 0, "country": "IND"}, {"participants": 45, "male": 44, "female": 1, "medal": 3, "country": "MAR"}, {"participants": 115, "male": 86, "female": 29, "medal": 0, "country": "POR"}, {"participants": 101, "male": 92, "female": 9, "medal": 1, "country": "PUR"}, {"participants": 61, "male": 58, "female": 3, "medal": 1, "country": "COL"}, {"participants": 41, "male": 37, "female": 4, "medal": 20, "country": "GHA"}, {"participants": 140, "male": 102, "female": 38, "medal": 1, "country": "MEX"}, {"participants": 21, "male": 18, "female": 3, "medal": 0, "country": "SEY"}, {"participants": 512, "male": 326, "female": 186, "medal": 50, "country": "GBR"}, {"participants": 55, "male": 46, "female": 9, "medal": 8, "country": "KEN"}, {"participants": 263, "male": 191, "female": 72, "medal": 46, "country": "POL"}, {"participants": 269, "male": 179, "female": 90, "medal": 8, "country": "TCH"}, {"participants": 653, "male": 406, "female": 247, "medal": 198, "country": "GER"}, {"participants": 390, "male": 229, "female": 161, "medal": 57, "country": "AUS"}, {"participants": 734, "male": 454, "female": 280, "medal": 224, "country": "USA"}, {"participants": 486, "male": 321, "female": 165, "medal": 57, "country": "FRA"}, {"participants": 141, "male": 96, "female": 45, "medal": 3, "country": "RSA"}, {"participants": 72, "male": 42, "female": 30, "medal": 11, "country": "NGR"}, {"participants": 233, "male": 173, "female": 60, "medal": 14, "country": "BRA"}, {"participants": 252, "male": 184, "female": 68, "medal": 35, "country": "SWE"}, {"participants": 171, "male": 128, "female": 43, "medal": 1, "country": "SUI"}, {"participants": 44, "male": 44, "female": 0, "medal": 3, "country": "IRI"}, {"participants": 7, "male": 5, "female": 2, "medal": 0, "country": "BEN"}, {"participants": 7, "male": 7, "female": 0, "medal": 0, "country": "PAN"}, {"participants": 111, "male": 82, "female": 29, "medal": 2, "country": "ARG"}, {"participants": 9, "male": 7, "female": 2, "medal": 0, "country": "NCA"}, {"participants": 9, "male": 9, "female": 0, "medal": 0, "country": "TOG"}, {"participants": 5, "male": 5, "female": 0, "medal": 0, "country": "LBA"}, {"participants": 6, "male": 6, "female": 0, "medal": 0, "country": "MTN"}, {"participants": 36, "male": 36, "female": 0, "medal": 0, "country": "UAE"}, {"participants": 15, "male": 15, "female": 0, "medal": 0, "country": "BRN"}, {"participants": 5, "male": 5, "female": 0, "medal": 0, "country": "OMA"}, {"participants": 9, "male": 8, "female": 1, "medal": 0, "country": "SYR"}, {"participants": 17, "male": 17, "female": 0, "medal": 0, "country": "KSA"}, {"participants": 8, "male": 8, "female": 0, "medal": 0, "country": "YEM"}, {"participants": 5, "male": 4, "female": 1, "medal": 0, "country": "JOR"}, {"participants": 46, "male": 40, "female": 6, "medal": 15, "country": "CRO"}, {"participants": 76, "male": 50, "female": 26, "medal": 3, "country": "IOA"}, {"participants": 445, "male": 251, "female": 194, "medal": 44, "country": "CAN"}, {"participants": 236, "male": 146, "female": 90, "medal": 17, "country": "BUL"}, {"participants": 34, "male": 26, "female": 8, "medal": 0, "country": "ISV"}, {"participants": 5, "male": 5, "female": 0, "medal": 0, "country": "SAM"}, {"participants": 22, "male": 20, "female": 2, "medal": 0, "country": "BAR"}, {"participants": 45, "male": 36, "female": 9, "medal": 0, "country": "GUM"}, {"participants": 38, "male": 33, "female": 5, "medal": 1, "country": "PHI"}, {"participants": 31, "male": 28, "female": 3, "medal": 0, "country": "PAR"}, {"participants": 20, "male": 12, "female": 8, "medal": 0, "country": "CRC"}, {"participants": 21, "male": 15, "female": 6, "medal": 1, "country": "PER"}, {"participants": 21, "male": 18, "female": 3, "medal": 0, "country": "CAF"}, {"participants": 15, "male": 10, "female": 5, "medal": 0, "country": "SLE"}, {"participants": 9, "male": 8, "female": 1, "medal": 0, "country": "BAN"}, {"participants": 16, "male": 8, "female": 8, "medal": 0, "country": "SRI"}, {"participants": 20, "male": 19, "female": 1, "medal": 0, "country": "SMR"}, {"participants": 44, "male": 35, "female": 9, "medal": 2, "country": "ISR"}, {"participants": 10, "male": 9, "female": 1, "medal": 0, "country": "MDV"}, {"participants": 19, "male": 17, "female": 2, "medal": 0, "country": "COD"}, {"participants": 127, "male": 88, "female": 39, "medal": 6, "country": "AUT"}, {"participants": 322, "male": 228, "female": 94, "medal": 49, "country": "KOR"}, {"participants": 123, "male": 59, "female": 64, "medal": 10, "country": "PRK"}, {"participants": 144, "male": 90, "female": 54, "medal": 14, "country": "DEN"}, {"participants": 175, "male": 127, "female": 48, "medal": 15, "country": "NZL"}, {"participants": 31, "male": 26, "female": 5, "medal": 0, "country": "ISL"}, {"participants": 306, "male": 169, "female": 137, "medal": 53, "country": "ROU"}, {"participants": 51, "male": 30, "female": 21, "medal": 6, "country": "INA"}, {"participants": 8, "male": 5, "female": 3, "medal": 0, "country": "GEQ"}, {"participants": 21, "male": 12, "female": 9, "medal": 0, "country": "BOL"}, {"participants": 103, "male": 64, "female": 39, "medal": 3, "country": "BEL"}, {"participants": 18, "male": 13, "female": 5, "medal": 0, "country": "ANT"}, {"participants": 32, "male": 30, "female": 2, "medal": 0, "country": "DOM"}, {"participants": 257, "male": 135, "female": 122, "medal": 33, "country": "NED"}, {"participants": 76, "male": 60, "female": 16, "medal": 2, "country": "GRE"}, {"participants": 18, "male": 18, "female": 0, "medal": 0, "country": "LIB"}, {"participants": 9, "male": 7, "female": 2, "medal": 1, "country": "SUR"}, {"participants": 54, "male": 46, "female": 8, "medal": 6, "country": "TUR"}, {"participants": 1, "male": 1, "female": 0, "medal": 0, "country": "SOL"}, {"participants": 25, "male": 23, "female": 2, "medal": 0, "country": "SEN"}, {"participants": 66, "male": 51, "female": 15, "medal": 0, "country": "HKG"}, {"participants": 41, "male": 34, "female": 7, "medal": 0, "country": "GUA"}, {"participants": 19, "male": 15, "female": 4, "medal": 0, "country": "CYP"}, {"participants": 19, "male": 16, "female": 3, "medal": 0, "country": "PNG"}, {"participants": 38, "male": 30, "female": 8, "medal": 2, "country": "MGL"}, {"participants": 54, "male": 42, "female": 12, "medal": 13, "country": "LTU"}, {"participants": 11, "male": 9, "female": 2, "medal": 0, "country": "GUI"}, {"participants": 13, "male": 13, "female": 0, "medal": 0, "country": "CAY"}, {"participants": 27, "male": 14, "female": 13, "medal": 0, "country": "HON"}, {"participants": 15, "male": 11, "female": 4, "medal": 0, "country": "TUN"}, {"participants": 40, "male": 29, "female": 11, "medal": 3, "country": "LAT"}, {"participants": 77, "male": 62, "female": 15, "medal": 2, "country": "IRL"}, {"participants": 8, "male": 7, "female": 1, "medal": 0, "country": "AND"}, {"participants": 47, "male": 40, "female": 7, "medal": 6, "country": "SLO"}, {"participants": 10, "male": 9, "female": 1, "medal": 0, "country": "CGO"}, {"participants": 9, "male": 7, "female": 2, "medal": 0, "country": "ALB"}, {"participants": 51, "male": 27, "female": 24, "medal": 4, "country": "JAM"}, {"participants": 8, "male": 5, "female": 3, "medal": 0, "country": "LIE"}, {"participants": 36, "male": 27, "female": 9, "medal": 0, "country": "FIJ"}, {"participants": 13, "male": 13, "female": 0, "medal": 0, "country": "TTO"}, {"participants": 64, "male": 29, "female": 35, "medal": 1, "country": "THA"}, {"participants": 5, "male": 4, "female": 1, "medal": 0, "country": "GAB"}, {"participants": 29, "male": 20, "female": 9, "medal": 0, "country": "BER"}, {"participants": 3, "male": 3, "female": 0, "medal": 0, "country": "ASA"}, {"participants": 13, "male": 7, "female": 6, "medal": 0, "country": "BIH"}, {"participants": 9, "male": 9, "female": 0, "medal": 0, "country": "TAN"}, {"participants": 11, "male": 8, "female": 3, "medal": 0, "country": "ZAM"}, {"participants": 15, "male": 7, "female": 8, "medal": 0, "country": "ECU"}, {"participants": 33, "male": 27, "female": 6, "medal": 0, "country": "ANG"}, {"participants": 7, "male": 6, "female": 1, "medal": 0, "country": "GUY"}, {"participants": 8, "male": 3, "female": 5, "medal": 0, "country": "MLT"}, {"participants": 38, "male": 26, "female": 12, "medal": 20, "country": "TPE"}, {"participants": 18, "male": 17, "female": 1, "medal": 0, "country": "BIZ"}, {"participants": 18, "male": 18, "female": 0, "medal": 0, "country": "URU"}, {"participants": 28, "male": 16, "female": 12, "medal": 0, "country": "ZIM"}, {"participants": 22, "male": 10, "female": 12, "medal": 0, "country": "MRI"}, {"participants": 8, "male": 7, "female": 1, "medal": 0, "country": "LUX"}, {"participants": 8, "male": 6, "female": 2, "medal": 0, "country": "VIN"}, {"participants": 6, "male": 4, "female": 2, "medal": 0, "country": "MLI"}, {"participants": 10, "male": 7, "female": 3, "medal": 2, "country": "NAM"}, {"participants": 4, "male": 3, "female": 1, "medal": 0, "country": "AHO"}, {"participants": 18, "male": 15, "female": 3, "medal": 1, "country": "BAH"}, {"participants": 10, "male": 2, "female": 8, "medal": 0, "country": "VIE"}, {"participants": 27, "male": 23, "female": 4, "medal": 0, "country": "VEN"}, {"participants": 4, "male": 3, "female": 1, "medal": 0, "country": "MON"}, {"participants": 5, "male": 4, "female": 1, "medal": 0, "country": "ARU"}, {"participants": 6, "male": 6, "female": 0, "medal": 0, "country": "BOT"}, {"participants": 10, "male": 10, "female": 0, "medal": 0, "country": "SWZ"}, {"participants": 7, "male": 7, "female": 0, "medal": 0, "country": "SUD"}, {"participants": 7, "male": 3, "female": 4, "medal": 0, "country": "MOZ"}, {"participants": 5, "male": 4, "female": 1, "medal": 0, "country": "GRN"}, {"participants": 8, "male": 5, "female": 3, "medal": 0, "country": "VAN"}, {"participants": 4, "male": 4, "female": 0, "medal": 0, "country": "BUR"}, {"participants": 4, "male": 4, "female": 0, "medal": 0, "country": "IVB"}, {"participants": 8, "male": 8, "female": 0, "medal": 0, "country": "HAI"}, {"participants": 6, "male": 3, "female": 3, "medal": 0, "country": "ESA"}, {"participants": 3, "male": 3, "female": 0, "medal": 0, "country": "NIG"}, {"participants": 8, "male": 8, "female": 0, "medal": 0, "country": "GAM"}, {"participants": 12, "male": 6, "female": 6, "medal": 0, "country": "BHU"}, {"participants": 12, "male": 4, "female": 8, "medal": 0, "country": "CMR"}, {"participants": 7, "male": 7, "female": 0, "medal": 0, "country": "LAO"}, {"participants": 5, "male": 1, "female": 4, "medal": 0, "country": "MYA"}, {"participants": 5, "male": 5, "female": 0, "medal": 0, "country": "TGA"}, {"participants": 9, "male": 7, "female": 2, "medal": 0, "country": "UGA"}, {"participants": 8, "male": 6, "female": 2, "medal": 0, "country": "LES"}, {"participants": 10, "male": 7, "female": 3, "medal": 0, "country": "RWA"}, {"participants": 4, "male": 3, "female": 1, "medal": 0, "country": "MAW"}, {"participants": 2, "male": 2, "female": 0, "medal": 0, "country": "COK"}, {"participants": 17, "male": 8, "female": 9, "medal": 0, "country": "MAD"}, {"participants": 2, "male": 1, "female": 1, "medal": 0, "country": "NEP"}]