[{"participants": 105, "male": 60, "female": 45, "medal": 4, "country": "FIN"}, {"participants": 290, "male": 162, "female": 128, "medal": 73, "country": "NED"}, {"participants": 116, "male": 54, "female": 62, "medal": 23, "country": "NOR"}, {"participants": 52, "male": 40, "female": 12, "medal": 0, "country": "EST"}, {"participants": 61, "male": 48, "female": 13, "medal": 6, "country": "TUR"}, {"participants": 384, "male": 236, "female": 148, "medal": 66, "country": "ESP"}, {"participants": 460, "male": 324, "female": 136, "medal": 71, "country": "ITA"}, {"participants": 24, "male": 23, "female": 1, "medal": 0, "country": "PAK"}, {"participants": 408, "male": 206, "female": 202, "medal": 50, "country": "CAN"}, {"participants": 33, "male": 29, "female": 4, "medal": 0, "country": "EGY"}, {"participants": 5, "male": 5, "female": 0, "medal": 0, "country": "LBA"}, {"participants": 13, "male": 13, "female": 0, "medal": 0, "country": "QAT"}, {"participants": 4, "male": 3, "female": 1, "medal": 0, "country": "COM"}, {"participants": 4, "male": 3, "female": 1, "medal": 0, "country": "CHA"}, {"participants": 43, "male": 40, "female": 3, "medal": 3, "country": "MAS"}, {"participants": 1, "male": 1, "female": 0, "medal": 0, "country": "BRU"}, {"participants": 4, "male": 4, "female": 0, "medal": 0, "country": "UAE"}, {"participants": 35, "male": 25, "female": 10, "medal": 0, "country": "SGP"}, {"participants": 24, "male": 20, "female": 4, "medal": 1, "country": "AZE"}, {"participants": 95, "male": 75, "female": 20, "medal": 2, "country": "UZB"}, {"participants": 448, "male": 231, "female": 217, "medal": 42, "country": "JPN"}, {"participants": 19, "male": 13, "female": 6, "medal": 0, "country": "CMR"}, {"participants": 47, "male": 41, "female": 6, "medal": 3, "country": "ALG"}, {"participants": 13, "male": 12, "female": 1, "medal": 0, "country": "CIV"}, {"participants": 40, "male": 38, "female": 2, "medal": 0, "country": "GHA"}, {"participants": 839, "male": 478, "female": 361, "medal": 259, "country": "USA"}, {"participants": 54, "male": 45, "female": 9, "medal": 1, "country": "IND"}, {"participants": 42, "male": 33, "female": 9, "medal": 2, "country": "GEO"}, {"participants": 47, "male": 33, "female": 14, "medal": 2, "country": "SLO"}, {"participants": 131, "male": 92, "female": 39, "medal": 3, "country": "POR"}, {"participants": 453, "male": 283, "female": 170, "medal": 51, "country": "FRA"}, {"participants": 53, "male": 47, "female": 6, "medal": 0, "country": "VEN"}, {"participants": 1, "male": 1, "female": 0, "medal": 0, "country": "PLE"}, {"participants": 142, "male": 106, "female": 36, "medal": 11, "country": "KAZ"}, {"participants": 111, "male": 80, "female": 31, "medal": 1, "country": "MEX"}, {"participants": 38, "male": 32, "female": 6, "medal": 2, "country": "MAR"}, {"participants": 12, "male": 7, "female": 5, "medal": 1, "country": "UGA"}, {"participants": 626, "male": 381, "female": 245, "medal": 124, "country": "GER"}, {"participants": 4, "male": 4, "female": 0, "medal": 0, "country": "SUD"}, {"participants": 180, "male": 101, "female": 79, "medal": 8, "country": "GRE"}, {"participants": 550, "male": 307, "female": 243, "medal": 132, "country": "AUS"}, {"participants": 4, "male": 4, "female": 0, "medal": 0, "country": "SOM"}, {"participants": 84, "male": 57, "female": 27, "medal": 24, "country": "NGR"}, {"participants": 11, "male": 6, "female": 5, "medal": 0, "country": "SUR"}, {"participants": 19, "male": 10, "female": 9, "medal": 3, "country": "ETH"}, {"participants": 8, "male": 7, "female": 1, "medal": 1, "country": "SYR"}, {"participants": 91, "male": 63, "female": 28, "medal": 1, "country": "PUR"}, {"participants": 251, "male": 182, "female": 69, "medal": 63, "country": "BRA"}, {"participants": 315, "male": 194, "female": 121, "medal": 43, "country": "HUN"}, {"participants": 351, "male": 218, "female": 133, "medal": 34, "country": "UKR"}, {"participants": 552, "male": 319, "female": 233, "medal": 115, "country": "RUS"}, {"participants": 117, "male": 101, "female": 16, "medal": 28, "country": "CRO"}, {"participants": 6, "male": 4, "female": 2, "medal": 0, "country": "DMA"}, {"participants": 7, "male": 7, "female": 0, "medal": 0, "country": "HAI"}, {"participants": 52, "male": 45, "female": 7, "medal": 1, "country": "TUN"}, {"participants": 7, "male": 6, "female": 1, "medal": 0, "country": "BEN"}, {"participants": 178, "male": 118, "female": 60, "medal": 55, "country": "CUB"}, {"participants": 28, "male": 27, "female": 1, "medal": 0, "country": "NCA"}, {"participants": 54, "male": 44, "female": 10, "medal": 8, "country": "KEN"}, {"participants": 391, "male": 232, "female": 159, "medal": 26, "country": "GBR"}, {"participants": 3, "male": 3, "female": 0, "medal": 0, "country": "IRQ"}, {"participants": 221, "male": 152, "female": 69, "medal": 20, "country": "ARG"}, {"participants": 4, "male": 4, "female": 0, "medal": 0, "country": "MTN"}, {"participants": 111, "male": 74, "female": 37, "medal": 5, "country": "RSA"}, {"participants": 259, "male": 145, "female": 114, "medal": 23, "country": "BLR"}, {"participants": 17, "male": 17, "female": 0, "medal": 0, "country": "PNG"}, {"participants": 7, "male": 7, "female": 0, "medal": 0, "country": "TOG"}, {"participants": 145, "male": 65, "female": 80, "medal": 23, "country": "DEN"}, {"participants": 27, "male": 27, "female": 0, "medal": 0, "country": "KUW"}, {"participants": 34, "male": 34, "female": 0, "medal": 0, "country": "KSA"}, {"participants": 5, "male": 5, "female": 0, "medal": 0, "country": "BRN"}, {"participants": 5, "male": 5, "female": 0, "medal": 0, "country": "OMA"}, {"participants": 4, "male": 4, "female": 0, "medal": 0, "country": "YEM"}, {"participants": 5, "male": 3, "female": 2, "medal": 0, "country": "JOR"}, {"participants": 4, "male": 3, "female": 1, "medal": 0, "country": "BAN"}, {"participants": 233, "male": 140, "female": 93, "medal": 31, "country": "SWE"}, {"participants": 16, "male": 12, "female": 4, "medal": 0, "country": "DOM"}, {"participants": 81, "male": 59, "female": 22, "medal": 11, "country": "LTU"}, {"participants": 53, "male": 43, "female": 10, "medal": 0, "country": "KGZ"}, {"participants": 38, "male": 28, "female": 10, "medal": 1, "country": "ISR"}, {"participants": 15, "male": 11, "female": 4, "medal": 0, "country": "ISL"}, {"participants": 5, "male": 5, "female": 0, "medal": 0, "country": "DJI"}, {"participants": 50, "male": 45, "female": 5, "medal": 3, "country": "MDA"}, {"participants": 99, "male": 77, "female": 22, "medal": 4, "country": "IRL"}, {"participants": 16, "male": 10, "female": 6, "medal": 2, "country": "TTO"}, {"participants": 3, "male": 3, "female": 0, "medal": 0, "country": "GBS"}, {"participants": 284, "male": 161, "female": 123, "medal": 38, "country": "ROU"}, {"participants": 19, "male": 12, "female": 7, "medal": 0, "country": "SLE"}, {"participants": 14, "male": 2, "female": 12, "medal": 0, "country": "COD"}, {"participants": 7, "male": 6, "female": 1, "medal": 0, "country": "SMR"}, {"participants": 9, "male": 8, "female": 1, "medal": 0, "country": "MDV"}, {"participants": 5, "male": 4, "female": 1, "medal": 0, "country": "LAO"}, {"participants": 417, "male": 272, "female": 145, "medal": 66, "country": "KOR"}, {"participants": 438, "male": 179, "female": 259, "medal": 106, "country": "CHN"}, {"participants": 4, "male": 3, "female": 1, "medal": 0, "country": "SOL"}, {"participants": 129, "male": 84, "female": 45, "medal": 9, "country": "NZL"}, {"participants": 3, "male": 2, "female": 1, "medal": 0, "country": "CPV"}, {"participants": 24, "male": 20, "female": 4, "medal": 0, "country": "CYP"}, {"participants": 181, "male": 128, "female": 53, "medal": 21, "country": "BUL"}, {"participants": 7, "male": 4, "female": 3, "medal": 0, "country": "HON"}, {"participants": 172, "male": 102, "female": 70, "medal": 11, "country": "SUI"}, {"participants": 69, "male": 37, "female": 32, "medal": 16, "country": "JAM"}, {"participants": 81, "male": 53, "female": 28, "medal": 6, "country": "BEL"}, {"participants": 62, "male": 47, "female": 15, "medal": 0, "country": "COL"}, {"participants": 24, "male": 18, "female": 6, "medal": 0, "country": "CHI"}, {"participants": 45, "male": 24, "female": 21, "medal": 6, "country": "INA"}, {"participants": 33, "male": 16, "female": 17, "medal": 0, "country": "PER"}, {"participants": 8, "male": 7, "female": 1, "medal": 0, "country": "GEQ"}, {"participants": 7, "male": 4, "female": 3, "medal": 0, "country": "TKM"}, {"participants": 11, "male": 11, "female": 0, "medal": 0, "country": "IVB"}, {"participants": 38, "male": 36, "female": 2, "medal": 2, "country": "ARM"}, {"participants": 9, "male": 8, "female": 1, "medal": 0, "country": "SEY"}, {"participants": 107, "male": 41, "female": 66, "medal": 1, "country": "TPE"}, {"participants": 2, "male": 1, "female": 1, "medal": 0, "country": "STP"}, {"participants": 5, "male": 3, "female": 2, "medal": 0, "country": "CGO"}, {"participants": 169, "male": 101, "female": 68, "medal": 13, "country": "CZE"}, {"participants": 98, "male": 71, "female": 27, "medal": 3, "country": "SVK"}, {"participants": 12, "male": 11, "female": 1, "medal": 0, "country": "VIN"}, {"participants": 7, "male": 7, "female": 0, "medal": 0, "country": "BOT"}, {"participants": 8, "male": 7, "female": 1, "medal": 0, "country": "LCA"}, {"participants": 207, "male": 154, "female": 53, "medal": 22, "country": "POL"}, {"participants": 9, "male": 8, "female": 1, "medal": 0, "country": "CAY"}, {"participants": 8, "male": 6, "female": 2, "medal": 0, "country": "AND"}, {"participants": 15, "male": 13, "female": 2, "medal": 0, "country": "URU"}, {"participants": 19, "male": 8, "female": 11, "medal": 0, "country": "ANT"}, {"participants": 14, "male": 5, "female": 9, "medal": 0, "country": "SKN"}, {"participants": 79, "male": 65, "female": 14, "medal": 26, "country": "SCG"}, {"participants": 9, "male": 7, "female": 2, "medal": 0, "country": "PAN"}, {"participants": 92, "male": 71, "female": 21, "medal": 3, "country": "AUT"}, {"participants": 7, "male": 6, "female": 1, "medal": 0, "country": "PAR"}, {"participants": 18, "male": 12, "female": 6, "medal": 1, "country": "MGL"}, {"participants": 10, "male": 8, "female": 2, "medal": 0, "country": "BER"}, {"participants": 36, "male": 27, "female": 9, "medal": 0, "country": "MRI"}, {"participants": 14, "male": 6, "female": 8, "medal": 0, "country": "ISV"}, {"participants": 10, "male": 7, "female": 3, "medal": 2, "country": "NAM"}, {"participants": 10, "male": 7, "female": 3, "medal": 0, "country": "ESA"}, {"participants": 9, "male": 7, "female": 2, "medal": 0, "country": "GUM"}, {"participants": 55, "male": 38, "female": 17, "medal": 1, "country": "LAT"}, {"participants": 5, "male": 3, "female": 2, "medal": 0, "country": "CAF"}, {"participants": 9, "male": 3, "female": 6, "medal": 0, "country": "ALB"}, {"participants": 11, "male": 5, "female": 6, "medal": 0, "country": "SRI"}, {"participants": 30, "male": 13, "female": 17, "medal": 0, "country": "ANG"}, {"participants": 21, "male": 18, "female": 3, "medal": 0, "country": "ZIM"}, {"participants": 2, "male": 0, "female": 2, "medal": 0, "country": "LIE"}, {"participants": 28, "male": 27, "female": 1, "medal": 0, "country": "GUA"}, {"participants": 6, "male": 3, "female": 3, "medal": 0, "country": "NEP"}, {"participants": 21, "male": 18, "female": 3, "medal": 0, "country": "FIJ"}, {"participants": 10, "male": 5, "female": 5, "medal": 0, "country": "MLT"}, {"participants": 8, "male": 6, "female": 2, "medal": 0, "country": "TJK"}, {"participants": 16, "male": 10, "female": 6, "medal": 0, "country": "MKD"}, {"participants": 9, "male": 8, "female": 1, "medal": 0, "country": "GAB"}, {"participants": 13, "male": 6, "female": 7, "medal": 1, "country": "CRC"}, {"participants": 18, "male": 11, "female": 7, "medal": 1, "country": "PHI"}, {"participants": 5, "male": 5, "female": 0, "medal": 0, "country": "GRN"}, {"participants": 7, "male": 6, "female": 1, "medal": 0, "country": "ASA"}, {"participants": 28, "male": 26, "female": 2, "medal": 1, "country": "ECU"}, {"participants": 9, "male": 7, "female": 2, "medal": 0, "country": "BOL"}, {"participants": 4, "male": 2, "female": 2, "medal": 0, "country": "MLI"}, {"participants": 6, "male": 3, "female": 3, "medal": 0, "country": "VIE"}, {"participants": 32, "male": 21, "female": 11, "medal": 1, "country": "HKG"}, {"participants": 58, "male": 38, "female": 20, "medal": 2, "country": "THA"}, {"participants": 36, "male": 23, "female": 13, "medal": 5, "country": "PRK"}, {"participants": 8, "male": 7, "female": 1, "medal": 1, "country": "ZAM"}, {"participants": 1, "male": 0, "female": 1, "medal": 0, "country": "LIB"}, {"participants": 36, "male": 23, "female": 13, "medal": 5, "country": "BAH"}, {"participants": 7, "male": 6, "female": 1, "medal": 0, "country": "LBR"}, {"participants": 22, "male": 19, "female": 3, "medal": 0, "country": "BAR"}, {"participants": 7, "male": 7, "female": 0, "medal": 0, "country": "AHO"}, {"participants": 12, "male": 10, "female": 2, "medal": 0, "country": "BIH"}, {"participants": 3, "male": 3, "female": 0, "medal": 0, "country": "NRU"}, {"participants": 12, "male": 12, "female": 0, "medal": 0, "country": "SEN"}, {"participants": 5, "male": 4, "female": 1, "medal": 0, "country": "GUI"}, {"participants": 4, "male": 3, "female": 1, "medal": 0, "country": "MON"}, {"participants": 3, "male": 3, "female": 0, "medal": 0, "country": "ARU"}, {"participants": 9, "male": 8, "female": 1, "medal": 0, "country": "GUY"}, {"participants": 7, "male": 3, "female": 4, "medal": 0, "country": "LUX"}, {"participants": 12, "male": 11, "female": 1, "medal": 0, "country": "GAM"}, {"participants": 18, "male": 17, "female": 1, "medal": 3, "country": "IRI"}, {"participants": 5, "male": 2, "female": 3, "medal": 0, "country": "BIZ"}, {"participants": 7, "male": 6, "female": 1, "medal": 1, "country": "BDI"}, {"participants": 5, "male": 4, "female": 1, "medal": 0, "country": "SAM"}, {"participants": 2, "male": 2, "female": 0, "medal": 0, "country": "AFG"}, {"participants": 5, "male": 4, "female": 1, "medal": 1, "country": "TGA"}, {"participants": 5, "male": 3, "female": 2, "medal": 0, "country": "CAM"}, {"participants": 7, "male": 6, "female": 1, "medal": 0, "country": "TAN"}, {"participants": 3, "male": 2, "female": 1, "medal": 0, "country": "MYA"}, {"participants": 4, "male": 4, "female": 0, "medal": 0, "country": "RWA"}, {"participants": 4, "male": 3, "female": 1, "medal": 0, "country": "VAN"}, {"participants": 3, "male": 2, "female": 1, "medal": 1, "country": "MOZ"}, {"participants": 2, "male": 1, "female": 1, "medal": 0, "country": "BHU"}, {"participants": 5, "male": 3, "female": 2, "medal": 0, "country": "BUR"}, {"participants": 3, "male": 2, "female": 1, "medal": 0, "country": "NIG"}, {"participants": 11, "male": 6, "female": 5, "medal": 0, "country": "LES"}, {"participants": 6, "male": 5, "female": 1, "medal": 0, "country": "SWZ"}, {"participants": 2, "male": 2, "female": 0, "medal": 0, "country": "MAW"}, {"participants": 3, "male": 2, "female": 1, "medal": 0, "country": "COK"}, {"participants": 14, "male": 4, "female": 10, "medal": 0, "country": "MAD"}]