[{"participants": 88, "male": 51, "female": 37, "medal": 5, "country": "FIN"}, {"participants": 115, "male": 61, "female": 54, "medal": 43, "country": "NOR"}, {"participants": 285, "male": 176, "female": 109, "medal": 79, "country": "NED"}, {"participants": 103, "male": 85, "female": 18, "medal": 0, "country": "EGY"}, {"participants": 165, "male": 113, "female": 52, "medal": 20, "country": "ARG"}, {"participants": 271, "male": 179, "female": 92, "medal": 65, "country": "CUB"}, {"participants": 39, "male": 28, "female": 11, "medal": 18, "country": "CMR"}, {"participants": 98, "male": 64, "female": 34, "medal": 6, "country": "MEX"}, {"participants": 457, "male": 297, "female": 160, "medal": 65, "country": "ITA"}, {"participants": 27, "male": 26, "female": 1, "medal": 0, "country": "PAK"}, {"participants": 32, "male": 25, "female": 7, "medal": 3, "country": "AZE"}, {"participants": 422, "male": 198, "female": 224, "medal": 31, "country": "CAN"}, {"participants": 764, "male": 424, "female": 340, "medal": 242, "country": "USA"}, {"participants": 788, "male": 420, "female": 368, "medal": 183, "country": "AUS"}, {"participants": 30, "male": 30, "female": 0, "medal": 1, "country": "KUW"}, {"participants": 55, "male": 42, "female": 13, "medal": 0, "country": "MAS"}, {"participants": 2, "male": 2, "female": 0, "medal": 0, "country": "BRU"}, {"participants": 3, "male": 2, "female": 1, "medal": 0, "country": "SUD"}, {"participants": 4, "male": 2, "female": 2, "medal": 0, "country": "BRN"}, {"participants": 85, "male": 58, "female": 27, "medal": 4, "country": "UZB"}, {"participants": 363, "male": 226, "female": 137, "medal": 44, "country": "JPN"}, {"participants": 431, "male": 283, "female": 148, "medal": 42, "country": "ESP"}, {"participants": 27, "male": 15, "female": 12, "medal": 8, "country": "ETH"}, {"participants": 24, "male": 11, "female": 13, "medal": 1, "country": "SRI"}, {"participants": 8, "male": 6, "female": 2, "medal": 0, "country": "SYR"}, {"participants": 55, "male": 46, "female": 9, "medal": 5, "country": "MAR"}, {"participants": 198, "male": 123, "female": 75, "medal": 32, "country": "SWE"}, {"participants": 602, "male": 333, "female": 269, "medal": 187, "country": "RUS"}, {"participants": 8, "male": 4, "female": 4, "medal": 0, "country": "JOR"}, {"participants": 414, "male": 159, "female": 255, "medal": 79, "country": "CHN"}, {"participants": 567, "male": 329, "female": 238, "medal": 118, "country": "GER"}, {"participants": 415, "male": 232, "female": 183, "medal": 54, "country": "GBR"}, {"participants": 13, "male": 9, "female": 4, "medal": 0, "country": "UGA"}, {"participants": 90, "male": 64, "female": 26, "medal": 3, "country": "SLO"}, {"participants": 67, "male": 47, "female": 20, "medal": 5, "country": "TUR"}, {"participants": 161, "male": 112, "female": 49, "medal": 5, "country": "RSA"}, {"participants": 28, "male": 19, "female": 9, "medal": 0, "country": "GHA"}, {"participants": 51, "male": 41, "female": 10, "medal": 5, "country": "ALG"}, {"participants": 5, "male": 2, "female": 3, "medal": 0, "country": "SUR"}, {"participants": 2, "male": 1, "female": 1, "medal": 0, "country": "SOM"}, {"participants": 3, "male": 3, "female": 0, "medal": 0, "country": "LBA"}, {"participants": 470, "male": 296, "female": 174, "medal": 66, "country": "FRA"}, {"participants": 5, "male": 2, "female": 3, "medal": 0, "country": "PLW"}, {"participants": 77, "male": 47, "female": 30, "medal": 17, "country": "LTU"}, {"participants": 236, "male": 133, "female": 103, "medal": 48, "country": "BRA"}, {"participants": 368, "male": 216, "female": 152, "medal": 35, "country": "UKR"}, {"participants": 34, "male": 33, "female": 1, "medal": 4, "country": "IRI"}, {"participants": 100, "male": 51, "female": 49, "medal": 8, "country": "NGR"}, {"participants": 175, "male": 102, "female": 73, "medal": 18, "country": "GRE"}, {"participants": 108, "male": 76, "female": 32, "medal": 10, "country": "CRO"}, {"participants": 4, "male": 2, "female": 2, "medal": 0, "country": "DMA"}, {"participants": 124, "male": 68, "female": 56, "medal": 25, "country": "DEN"}, {"participants": 30, "male": 15, "female": 15, "medal": 0, "country": "ANG"}, {"participants": 4, "male": 2, "female": 2, "medal": 0, "country": "IRQ"}, {"participants": 4, "male": 2, "female": 2, "medal": 0, "country": "MDV"}, {"participants": 177, "male": 93, "female": 84, "medal": 4, "country": "NZL"}, {"participants": 22, "male": 9, "female": 13, "medal": 0, "country": "PER"}, {"participants": 125, "male": 99, "female": 26, "medal": 25, "country": "SCG"}, {"participants": 238, "male": 144, "female": 94, "medal": 53, "country": "HUN"}, {"participants": 18, "male": 9, "female": 9, "medal": 0, "country": "CIV"}, {"participants": 24, "male": 19, "female": 5, "medal": 0, "country": "CYP"}, {"participants": 158, "male": 105, "female": 53, "medal": 7, "country": "KAZ"}, {"participants": 71, "male": 51, "female": 20, "medal": 1, "country": "KGZ"}, {"participants": 6, "male": 2, "female": 4, "medal": 0, "country": "BAN"}, {"participants": 23, "male": 23, "female": 0, "medal": 2, "country": "KSA"}, {"participants": 19, "male": 19, "female": 0, "medal": 1, "country": "QAT"}, {"participants": 6, "male": 4, "female": 2, "medal": 0, "country": "LIB"}, {"participants": 8, "male": 8, "female": 0, "medal": 0, "country": "OMA"}, {"participants": 2, "male": 1, "female": 1, "medal": 0, "country": "PLE"}, {"participants": 2, "male": 1, "female": 1, "medal": 0, "country": "YEM"}, {"participants": 5, "male": 5, "female": 0, "medal": 0, "country": "UAE"}, {"participants": 252, "male": 124, "female": 128, "medal": 46, "country": "ROU"}, {"participants": 231, "male": 128, "female": 103, "medal": 22, "country": "BLR"}, {"participants": 29, "male": 22, "female": 7, "medal": 2, "country": "TTO"}, {"participants": 29, "male": 17, "female": 12, "medal": 1, "country": "ISL"}, {"participants": 4, "male": 2, "female": 2, "medal": 0, "country": "NIG"}, {"participants": 2, "male": 1, "female": 1, "medal": 0, "country": "DJI"}, {"participants": 132, "male": 96, "female": 36, "medal": 6, "country": "SVK"}, {"participants": 4, "male": 3, "female": 1, "medal": 0, "country": "GUY"}, {"participants": 65, "male": 29, "female": 36, "medal": 23, "country": "JAM"}, {"participants": 28, "male": 18, "female": 10, "medal": 1, "country": "BAR"}, {"participants": 65, "male": 43, "female": 22, "medal": 0, "country": "VEN"}, {"participants": 58, "male": 50, "female": 8, "medal": 17, "country": "CHI"}, {"participants": 4, "male": 3, "female": 1, "medal": 0, "country": "IOA"}, {"participants": 114, "male": 69, "female": 45, "medal": 4, "country": "AUT"}, {"participants": 54, "male": 33, "female": 21, "medal": 8, "country": "INA"}, {"participants": 39, "male": 24, "female": 15, "medal": 11, "country": "BAH"}, {"participants": 4, "male": 3, "female": 1, "medal": 0, "country": "SMR"}, {"participants": 4, "male": 2, "female": 2, "medal": 1, "country": "MOZ"}, {"participants": 64, "male": 51, "female": 13, "medal": 2, "country": "POR"}, {"participants": 162, "male": 111, "female": 51, "medal": 9, "country": "CZE"}, {"participants": 70, "male": 47, "female": 23, "medal": 1, "country": "IND"}, {"participants": 150, "male": 103, "female": 47, "medal": 13, "country": "BUL"}, {"participants": 138, "male": 83, "female": 55, "medal": 14, "country": "SUI"}, {"participants": 94, "male": 40, "female": 54, "medal": 7, "country": "BEL"}, {"participants": 7, "male": 4, "female": 3, "medal": 0, "country": "MLT"}, {"participants": 9, "male": 2, "female": 7, "medal": 0, "country": "LUX"}, {"participants": 3, "male": 2, "female": 1, "medal": 0, "country": "GBS"}, {"participants": 47, "male": 40, "female": 7, "medal": 0, "country": "TUN"}, {"participants": 47, "male": 33, "female": 14, "medal": 6, "country": "GEO"}, {"participants": 3, "male": 2, "female": 1, "medal": 0, "country": "ERI"}, {"participants": 8, "male": 4, "female": 4, "medal": 0, "country": "TKM"}, {"participants": 13, "male": 5, "female": 8, "medal": 0, "country": "MAD"}, {"participants": 26, "male": 20, "female": 6, "medal": 0, "country": "MRI"}, {"participants": 41, "male": 38, "female": 3, "medal": 3, "country": "EST"}, {"participants": 58, "male": 45, "female": 13, "medal": 1, "country": "ISR"}, {"participants": 26, "male": 24, "female": 2, "medal": 1, "country": "ARM"}, {"participants": 59, "male": 36, "female": 23, "medal": 7, "country": "KEN"}, {"participants": 23, "male": 12, "female": 11, "medal": 0, "country": "MGL"}, {"participants": 359, "male": 232, "female": 127, "medal": 73, "country": "KOR"}, {"participants": 6, "male": 3, "female": 3, "medal": 0, "country": "GUI"}, {"participants": 5, "male": 3, "female": 2, "medal": 0, "country": "CGO"}, {"participants": 240, "male": 161, "female": 79, "medal": 24, "country": "POL"}, {"participants": 4, "male": 2, "female": 2, "medal": 0, "country": "VIN"}, {"participants": 3, "male": 2, "female": 1, "medal": 0, "country": "TOG"}, {"participants": 11, "male": 8, "female": 3, "medal": 0, "country": "ECU"}, {"participants": 9, "male": 6, "female": 3, "medal": 0, "country": "SEY"}, {"participants": 17, "male": 14, "female": 3, "medal": 1, "country": "URU"}, {"participants": 4, "male": 2, "female": 2, "medal": 0, "country": "GEQ"}, {"participants": 4, "male": 2, "female": 2, "medal": 0, "country": "ANT"}, {"participants": 9, "male": 9, "female": 0, "medal": 0, "country": "BOT"}, {"participants": 4, "male": 2, "female": 2, "medal": 0, "country": "SKN"}, {"participants": 7, "male": 4, "female": 3, "medal": 0, "country": "PAN"}, {"participants": 2, "male": 1, "female": 1, "medal": 0, "country": "COM"}, {"participants": 4, "male": 3, "female": 1, "medal": 0, "country": "TAN"}, {"participants": 54, "male": 30, "female": 24, "medal": 1, "country": "COL"}, {"participants": 12, "male": 9, "female": 3, "medal": 0, "country": "ISV"}, {"participants": 3, "male": 2, "female": 1, "medal": 0, "country": "SLE"}, {"participants": 60, "male": 43, "female": 17, "medal": 3, "country": "LAT"}, {"participants": 5, "male": 3, "female": 2, "medal": 0, "country": "AND"}, {"participants": 4, "male": 3, "female": 1, "medal": 0, "country": "MON"}, {"participants": 6, "male": 4, "female": 2, "medal": 0, "country": "SWZ"}, {"participants": 5, "male": 3, "female": 2, "medal": 0, "country": "ARU"}, {"participants": 35, "male": 30, "female": 5, "medal": 2, "country": "MDA"}, {"participants": 26, "male": 18, "female": 8, "medal": 0, "country": "ZIM"}, {"participants": 9, "male": 6, "female": 3, "medal": 2, "country": "CRC"}, {"participants": 18, "male": 17, "female": 1, "medal": 0, "country": "GUA"}, {"participants": 5, "male": 2, "female": 3, "medal": 0, "country": "NEP"}, {"participants": 5, "male": 2, "female": 3, "medal": 0, "country": "PNG"}, {"participants": 15, "male": 7, "female": 8, "medal": 1, "country": "MKD"}, {"participants": 6, "male": 4, "female": 2, "medal": 0, "country": "GAB"}, {"participants": 23, "male": 10, "female": 13, "medal": 0, "country": "SGP"}, {"participants": 76, "male": 45, "female": 31, "medal": 1, "country": "IRL"}, {"participants": 22, "male": 12, "female": 10, "medal": 0, "country": "PHI"}, {"participants": 7, "male": 5, "female": 2, "medal": 0, "country": "BER"}, {"participants": 38, "male": 31, "female": 7, "medal": 0, "country": "PUR"}, {"participants": 8, "male": 6, "female": 2, "medal": 0, "country": "ZAM"}, {"participants": 13, "male": 11, "female": 2, "medal": 0, "country": "DOM"}, {"participants": 5, "male": 3, "female": 2, "medal": 0, "country": "BOL"}, {"participants": 5, "male": 3, "female": 2, "medal": 0, "country": "MLI"}, {"participants": 5, "male": 2, "female": 3, "medal": 0, "country": "PAR"}, {"participants": 20, "male": 18, "female": 2, "medal": 0, "country": "HON"}, {"participants": 47, "male": 21, "female": 26, "medal": 4, "country": "PRK"}, {"participants": 46, "male": 27, "female": 19, "medal": 0, "country": "HKG"}, {"participants": 75, "male": 33, "female": 42, "medal": 5, "country": "TPE"}, {"participants": 7, "male": 1, "female": 6, "medal": 0, "country": "MYA"}, {"participants": 2, "male": 1, "female": 1, "medal": 0, "country": "MAW"}, {"participants": 7, "male": 5, "female": 2, "medal": 0, "country": "GUM"}, {"participants": 2, "male": 1, "female": 1, "medal": 0, "country": "BHU"}, {"participants": 68, "male": 42, "female": 26, "medal": 3, "country": "THA"}, {"participants": 32, "male": 9, "female": 23, "medal": 0, "country": "SEN"}, {"participants": 5, "male": 3, "female": 2, "medal": 0, "country": "HAI"}, {"participants": 1, "male": 1, "female": 0, "medal": 0, "country": "IVB"}, {"participants": 3, "male": 1, "female": 2, "medal": 0, "country": "CAF"}, {"participants": 10, "male": 8, "female": 2, "medal": 0, "country": "LBR"}, {"participants": 6, "male": 4, "female": 2, "medal": 0, "country": "NCA"}, {"participants": 4, "male": 3, "female": 1, "medal": 0, "country": "BEN"}, {"participants": 8, "male": 7, "female": 1, "medal": 0, "country": "AHO"}, {"participants": 2, "male": 1, "female": 1, "medal": 0, "country": "MTN"}, {"participants": 10, "male": 5, "female": 5, "medal": 0, "country": "ESA"}, {"participants": 2, "male": 1, "female": 1, "medal": 0, "country": "CPV"}, {"participants": 4, "male": 2, "female": 2, "medal": 0, "country": "TJK"}, {"participants": 11, "male": 9, "female": 2, "medal": 0, "country": "BIH"}, {"participants": 2, "male": 1, "female": 1, "medal": 0, "country": "GAM"}, {"participants": 2, "male": 1, "female": 1, "medal": 0, "country": "LIE"}, {"participants": 16, "male": 10, "female": 6, "medal": 0, "country": "NAM"}, {"participants": 5, "male": 3, "female": 2, "medal": 0, "country": "RWA"}, {"participants": 2, "male": 1, "female": 1, "medal": 0, "country": "STP"}, {"participants": 6, "male": 5, "female": 1, "medal": 0, "country": "BDI"}, {"participants": 4, "male": 2, "female": 2, "medal": 0, "country": "CAM"}, {"participants": 5, "male": 3, "female": 2, "medal": 0, "country": "LCA"}, {"participants": 2, "male": 1, "female": 1, "medal": 0, "country": "SOL"}, {"participants": 3, "male": 2, "female": 1, "medal": 0, "country": "GRN"}, {"participants": 5, "male": 4, "female": 1, "medal": 0, "country": "SAM"}, {"participants": 2, "male": 1, "female": 1, "medal": 0, "country": "BIZ"}, {"participants": 3, "male": 1, "female": 2, "medal": 0, "country": "COD"}, {"participants": 3, "male": 2, "female": 1, "medal": 0, "country": "VAN"}, {"participants": 6, "male": 4, "female": 2, "medal": 0, "country": "LES"}, {"participants": 3, "male": 2, "female": 1, "medal": 0, "country": "LAO"}, {"participants": 3, "male": 2, "female": 1, "medal": 0, "country": "TGA"}, {"participants": 5, "male": 2, "female": 3, "medal": 0, "country": "ALB"}, {"participants": 7, "male": 3, "female": 4, "medal": 1, "country": "VIE"}, {"participants": 4, "male": 1, "female": 3, "medal": 0, "country": "CAY"}, {"participants": 5, "male": 3, "female": 2, "medal": 0, "country": "FSM"}, {"participants": 4, "male": 3, "female": 1, "medal": 0, "country": "ASA"}, {"participants": 3, "male": 1, "female": 2, "medal": 0, "country": "CHA"}, {"participants": 9, "male": 5, "female": 4, "medal": 0, "country": "FIJ"}, {"participants": 4, "male": 3, "female": 1, "medal": 0, "country": "BUR"}, {"participants": 2, "male": 1, "female": 1, "medal": 0, "country": "NRU"}, {"participants": 2, "male": 1, "female": 1, "medal": 0, "country": "COK"}]