[{"participants": 60, "male": 42, "female": 18, "medal": 7, "country": "NOR"}, {"participants": 45, "male": 33, "female": 12, "medal": 3, "country": "EST"}, {"participants": 192, "male": 105, "female": 87, "medal": 15, "country": "BLR"}, {"participants": 499, "male": 253, "female": 246, "medal": 31, "country": "GRE"}, {"participants": 726, "male": 386, "female": 340, "medal": 263, "country": "USA"}, {"participants": 593, "male": 328, "female": 265, "medal": 189, "country": "RUS"}, {"participants": 461, "male": 286, "female": 175, "medal": 53, "country": "FRA"}, {"participants": 6, "male": 2, "female": 4, "medal": 0, "country": "NCA"}, {"participants": 24, "male": 23, "female": 1, "medal": 0, "country": "IRQ"}, {"participants": 15, "male": 15, "female": 0, "medal": 0, "country": "QAT"}, {"participants": 26, "male": 24, "female": 2, "medal": 0, "country": "PAK"}, {"participants": 104, "male": 88, "female": 16, "medal": 5, "country": "EGY"}, {"participants": 601, "male": 327, "female": 274, "medal": 157, "country": "AUS"}, {"participants": 39, "male": 22, "female": 17, "medal": 5, "country": "INA"}, {"participants": 37, "male": 30, "female": 7, "medal": 5, "country": "AZE"}, {"participants": 79, "male": 57, "female": 22, "medal": 5, "country": "UZB"}, {"participants": 9, "male": 5, "female": 4, "medal": 0, "country": "TJK"}, {"participants": 32, "male": 25, "female": 7, "medal": 0, "country": "KGZ"}, {"participants": 414, "male": 210, "female": 204, "medal": 93, "country": "JPN"}, {"participants": 423, "male": 239, "female": 184, "medal": 30, "country": "ESP"}, {"participants": 74, "male": 47, "female": 27, "medal": 11, "country": "TUR"}, {"participants": 21, "male": 19, "female": 2, "medal": 0, "country": "MLI"}, {"participants": 157, "male": 82, "female": 75, "medal": 12, "country": "SWE"}, {"participants": 318, "male": 158, "female": 160, "medal": 40, "country": "BRA"}, {"participants": 8, "male": 4, "female": 4, "medal": 0, "country": "JOR"}, {"participants": 4, "male": 3, "female": 1, "medal": 0, "country": "SUD"}, {"participants": 3, "male": 2, "female": 1, "medal": 0, "country": "PLE"}, {"participants": 8, "male": 6, "female": 2, "medal": 0, "country": "LBA"}, {"participants": 2, "male": 1, "female": 1, "medal": 0, "country": "SOM"}, {"participants": 137, "male": 70, "female": 67, "medal": 4, "country": "MEX"}, {"participants": 81, "male": 51, "female": 30, "medal": 1, "country": "IND"}, {"participants": 360, "male": 196, "female": 164, "medal": 57, "country": "GBR"}, {"participants": 592, "male": 349, "female": 243, "medal": 149, "country": "GER"}, {"participants": 184, "male": 102, "female": 82, "medal": 6, "country": "NZL"}, {"participants": 70, "male": 55, "female": 15, "medal": 3, "country": "LTU"}, {"participants": 264, "male": 159, "female": 105, "medal": 77, "country": "NED"}, {"participants": 357, "male": 195, "female": 162, "medal": 47, "country": "UKR"}, {"participants": 27, "male": 15, "female": 12, "medal": 7, "country": "ETH"}, {"participants": 474, "male": 304, "female": 170, "medal": 104, "country": "ITA"}, {"participants": 71, "male": 54, "female": 17, "medal": 0, "country": "ALG"}, {"participants": 19, "male": 17, "female": 2, "medal": 0, "country": "ARM"}, {"participants": 7, "male": 4, "female": 3, "medal": 0, "country": "MLT"}, {"participants": 177, "male": 116, "female": 61, "medal": 62, "country": "CUB"}, {"participants": 2, "male": 1, "female": 1, "medal": 0, "country": "BIZ"}, {"participants": 52, "male": 39, "female": 13, "medal": 0, "country": "PUR"}, {"participants": 57, "male": 48, "female": 9, "medal": 3, "country": "MAR"}, {"participants": 67, "male": 44, "female": 23, "medal": 2, "country": "FIN"}, {"participants": 518, "male": 201, "female": 317, "medal": 94, "country": "CHN"}, {"participants": 179, "male": 124, "female": 55, "medal": 49, "country": "ARG"}, {"participants": 10, "male": 5, "female": 5, "medal": 0, "country": "BER"}, {"participants": 130, "male": 83, "female": 47, "medal": 8, "country": "KAZ"}, {"participants": 11, "male": 9, "female": 2, "medal": 0, "country": "UGA"}, {"participants": 258, "male": 145, "female": 113, "medal": 40, "country": "HUN"}, {"participants": 3, "male": 2, "female": 1, "medal": 0, "country": "SAM"}, {"participants": 21, "male": 14, "female": 7, "medal": 0, "country": "CYP"}, {"participants": 37, "male": 36, "female": 1, "medal": 6, "country": "IRI"}, {"participants": 4, "male": 3, "female": 1, "medal": 0, "country": "BAN"}, {"participants": 79, "male": 29, "female": 50, "medal": 8, "country": "NGR"}, {"participants": 6, "male": 5, "female": 1, "medal": 1, "country": "SYR"}, {"participants": 3, "male": 3, "female": 0, "medal": 0, "country": "YEM"}, {"participants": 16, "male": 16, "female": 0, "medal": 0, "country": "KSA"}, {"participants": 5, "male": 3, "female": 2, "medal": 0, "country": "LIB"}, {"participants": 11, "male": 10, "female": 1, "medal": 0, "country": "KUW"}, {"participants": 5, "male": 5, "female": 0, "medal": 1, "country": "UAE"}, {"participants": 10, "male": 7, "female": 3, "medal": 0, "country": "BRN"}, {"participants": 2, "male": 2, "female": 0, "medal": 0, "country": "OMA"}, {"participants": 4, "male": 2, "female": 2, "medal": 0, "country": "BEN"}, {"participants": 4, "male": 3, "female": 1, "medal": 0, "country": "NIG"}, {"participants": 119, "male": 67, "female": 52, "medal": 17, "country": "BUL"}, {"participants": 26, "male": 16, "female": 10, "medal": 1, "country": "TTO"}, {"participants": 391, "male": 200, "female": 191, "medal": 17, "country": "CAN"}, {"participants": 34, "male": 28, "female": 6, "medal": 0, "country": "ISL"}, {"participants": 4, "male": 2, "female": 2, "medal": 0, "country": "CAF"}, {"participants": 4, "male": 2, "female": 2, "medal": 0, "country": "MDV"}, {"participants": 138, "male": 80, "female": 58, "medal": 7, "country": "SUI"}, {"participants": 92, "male": 66, "female": 26, "medal": 8, "country": "AUT"}, {"participants": 62, "male": 27, "female": 35, "medal": 13, "country": "JAM"}, {"participants": 15, "male": 14, "female": 1, "medal": 0, "country": "BAR"}, {"participants": 5, "male": 2, "female": 3, "medal": 0, "country": "CIV"}, {"participants": 30, "male": 14, "female": 16, "medal": 0, "country": "ANG"}, {"participants": 93, "male": 75, "female": 18, "medal": 3, "country": "POR"}, {"participants": 53, "male": 35, "female": 18, "medal": 2, "country": "VEN"}, {"participants": 2, "male": 1, "female": 1, "medal": 0, "country": "TLS"}, {"participants": 10, "male": 9, "female": 1, "medal": 0, "country": "NAM"}, {"participants": 28, "male": 16, "female": 12, "medal": 2, "country": "BAH"}, {"participants": 5, "male": 4, "female": 1, "medal": 0, "country": "SMR"}, {"participants": 344, "male": 203, "female": 141, "medal": 52, "country": "KOR"}, {"participants": 1, "male": 1, "female": 0, "medal": 0, "country": "BRU"}, {"participants": 100, "male": 76, "female": 24, "medal": 21, "country": "CRO"}, {"participants": 115, "male": 59, "female": 56, "medal": 29, "country": "DEN"}, {"participants": 71, "male": 43, "female": 28, "medal": 2, "country": "COL"}, {"participants": 8, "male": 3, "female": 5, "medal": 0, "country": "MAD"}, {"participants": 171, "male": 95, "female": 76, "medal": 13, "country": "CZE"}, {"participants": 21, "male": 13, "female": 8, "medal": 1, "country": "MGL"}, {"participants": 29, "male": 26, "female": 3, "medal": 0, "country": "GHA"}, {"participants": 193, "male": 95, "female": 98, "medal": 39, "country": "ROU"}, {"participants": 5, "male": 3, "female": 2, "medal": 0, "country": "LAO"}, {"participants": 55, "male": 37, "female": 18, "medal": 0, "country": "IRL"}, {"participants": 19, "male": 11, "female": 8, "medal": 0, "country": "GUA"}, {"participants": 33, "male": 17, "female": 16, "medal": 1, "country": "DOM"}, {"participants": 29, "male": 21, "female": 8, "medal": 4, "country": "CHI"}, {"participants": 21, "male": 17, "female": 4, "medal": 0, "country": "CRC"}, {"participants": 46, "male": 27, "female": 19, "medal": 2, "country": "ISR"}, {"participants": 39, "male": 32, "female": 7, "medal": 4, "country": "GEO"}, {"participants": 14, "male": 9, "female": 5, "medal": 3, "country": "ZIM"}, {"participants": 5, "male": 3, "female": 2, "medal": 0, "country": "GRN"}, {"participants": 19, "male": 10, "female": 9, "medal": 1, "country": "CMR"}, {"participants": 10, "male": 8, "female": 2, "medal": 0, "country": "SEY"}, {"participants": 96, "male": 87, "female": 9, "medal": 13, "country": "SCG"}, {"participants": 64, "male": 52, "female": 12, "medal": 0, "country": "TUN"}, {"participants": 5, "male": 3, "female": 2, "medal": 0, "country": "AFG"}, {"participants": 84, "male": 58, "female": 26, "medal": 10, "country": "SVK"}, {"participants": 102, "male": 67, "female": 35, "medal": 5, "country": "SLO"}, {"participants": 6, "male": 5, "female": 1, "medal": 0, "country": "COD"}, {"participants": 21, "male": 8, "female": 13, "medal": 0, "country": "SEN"}, {"participants": 38, "male": 27, "female": 11, "medal": 0, "country": "MAS"}, {"participants": 6, "male": 3, "female": 3, "medal": 0, "country": "NEP"}, {"participants": 5, "male": 3, "female": 2, "medal": 0, "country": "ANT"}, {"participants": 5, "male": 2, "female": 3, "medal": 0, "country": "CGO"}, {"participants": 224, "male": 152, "female": 72, "medal": 12, "country": "POL"}, {"participants": 2, "male": 1, "female": 1, "medal": 0, "country": "SLE"}, {"participants": 5, "male": 3, "female": 2, "medal": 0, "country": "HON"}, {"participants": 46, "male": 22, "female": 24, "medal": 7, "country": "KEN"}, {"participants": 22, "male": 20, "female": 2, "medal": 17, "country": "PAR"}, {"participants": 128, "male": 79, "female": 49, "medal": 10, "country": "RSA"}, {"participants": 12, "male": 11, "female": 1, "medal": 0, "country": "BOT"}, {"participants": 10, "male": 7, "female": 3, "medal": 0, "country": "TKM"}, {"participants": 9, "male": 7, "female": 2, "medal": 0, "country": "TAN"}, {"participants": 70, "male": 44, "female": 26, "medal": 3, "country": "BEL"}, {"participants": 6, "male": 4, "female": 2, "medal": 0, "country": "AND"}, {"participants": 8, "male": 7, "female": 1, "medal": 0, "country": "HAI"}, {"participants": 5, "male": 3, "female": 2, "medal": 0, "country": "GAB"}, {"participants": 4, "male": 3, "female": 1, "medal": 0, "country": "ARU"}, {"participants": 33, "male": 26, "female": 7, "medal": 0, "country": "MDA"}, {"participants": 14, "male": 9, "female": 5, "medal": 0, "country": "PER"}, {"participants": 6, "male": 4, "female": 2, "medal": 0, "country": "PNG"}, {"participants": 5, "male": 3, "female": 2, "medal": 0, "country": "FSM"}, {"participants": 51, "male": 30, "female": 21, "medal": 8, "country": "THA"}, {"participants": 3, "male": 2, "female": 1, "medal": 0, "country": "TOG"}, {"participants": 22, "male": 7, "female": 15, "medal": 0, "country": "SGP"}, {"participants": 21, "male": 16, "female": 5, "medal": 0, "country": "PHI"}, {"participants": 9, "male": 6, "female": 3, "medal": 0, "country": "MRI"}, {"participants": 9, "male": 5, "female": 4, "medal": 0, "country": "FIJ"}, {"participants": 4, "male": 2, "female": 2, "medal": 0, "country": "GUY"}, {"participants": 18, "male": 12, "female": 6, "medal": 0, "country": "ECU"}, {"participants": 3, "male": 1, "female": 2, "medal": 0, "country": "GBS"}, {"participants": 2, "male": 1, "female": 1, "medal": 0, "country": "GEQ"}, {"participants": 45, "male": 34, "female": 11, "medal": 4, "country": "LAT"}, {"participants": 42, "male": 19, "female": 23, "medal": 2, "country": "HKG"}, {"participants": 104, "male": 57, "female": 47, "medal": 9, "country": "TPE"}, {"participants": 6, "male": 4, "female": 2, "medal": 0, "country": "ZAM"}, {"participants": 4, "male": 2, "female": 2, "medal": 0, "country": "MAW"}, {"participants": 2, "male": 1, "female": 1, "medal": 0, "country": "BHU"}, {"participants": 71, "male": 20, "female": 51, "medal": 5, "country": "PRK"}, {"participants": 4, "male": 3, "female": 1, "medal": 0, "country": "GUM"}, {"participants": 7, "male": 5, "female": 2, "medal": 0, "country": "ALB"}, {"participants": 18, "male": 16, "female": 2, "medal": 0, "country": "URU"}, {"participants": 2, "male": 1, "female": 1, "medal": 0, "country": "SKN"}, {"participants": 8, "male": 4, "female": 4, "medal": 0, "country": "SRI"}, {"participants": 5, "male": 3, "female": 2, "medal": 0, "country": "PAN"}, {"participants": 4, "male": 2, "female": 2, "medal": 0, "country": "MOZ"}, {"participants": 1, "male": 1, "female": 0, "medal": 0, "country": "IVB"}, {"participants": 2, "male": 1, "female": 1, "medal": 0, "country": "STP"}, {"participants": 4, "male": 2, "female": 2, "medal": 0, "country": "SUR"}, {"participants": 11, "male": 4, "female": 7, "medal": 0, "country": "BOL"}, {"participants": 14, "male": 7, "female": 7, "medal": 0, "country": "LUX"}, {"participants": 3, "male": 2, "female": 1, "medal": 0, "country": "VIN"}, {"participants": 3, "male": 2, "female": 1, "medal": 0, "country": "NRU"}, {"participants": 3, "male": 2, "female": 1, "medal": 0, "country": "MON"}, {"participants": 4, "male": 3, "female": 1, "medal": 0, "country": "GUI"}, {"participants": 9, "male": 2, "female": 7, "medal": 0, "country": "ESA"}, {"participants": 5, "male": 3, "female": 2, "medal": 0, "country": "RWA"}, {"participants": 3, "male": 2, "female": 1, "medal": 0, "country": "COM"}, {"participants": 3, "male": 2, "female": 1, "medal": 0, "country": "SWZ"}, {"participants": 11, "male": 6, "female": 5, "medal": 0, "country": "VIE"}, {"participants": 9, "male": 7, "female": 2, "medal": 0, "country": "ISV"}, {"participants": 11, "male": 9, "female": 2, "medal": 0, "country": "BIH"}, {"participants": 4, "male": 2, "female": 2, "medal": 0, "country": "PLW"}, {"participants": 8, "male": 5, "female": 3, "medal": 0, "country": "CAY"}, {"participants": 3, "male": 2, "female": 1, "medal": 0, "country": "CPV"}, {"participants": 7, "male": 5, "female": 2, "medal": 0, "country": "BDI"}, {"participants": 1, "male": 1, "female": 0, "medal": 0, "country": "LIE"}, {"participants": 2, "male": 1, "female": 1, "medal": 0, "country": "LCA"}, {"participants": 3, "male": 3, "female": 0, "medal": 0, "country": "AHO"}, {"participants": 5, "male": 4, "female": 1, "medal": 1, "country": "ERI"}, {"participants": 3, "male": 2, "female": 1, "medal": 0, "country": "COK"}, {"participants": 5, "male": 4, "female": 1, "medal": 0, "country": "TGA"}, {"participants": 4, "male": 2, "female": 2, "medal": 0, "country": "CAM"}, {"participants": 14, "male": 8, "female": 6, "medal": 0, "country": "MKD"}, {"participants": 2, "male": 1, "female": 1, "medal": 0, "country": "DMA"}, {"participants": 2, "male": 1, "female": 1, "medal": 0, "country": "MTN"}, {"participants": 2, "male": 1, "female": 1, "medal": 0, "country": "VAN"}, {"participants": 2, "male": 1, "female": 1, "medal": 0, "country": "SOL"}, {"participants": 3, "male": 2, "female": 1, "medal": 0, "country": "ASA"}, {"participants": 3, "male": 1, "female": 2, "medal": 0, "country": "LES"}, {"participants": 3, "male": 2, "female": 1, "medal": 0, "country": "KIR"}, {"participants": 1, "male": 0, "female": 1, "medal": 0, "country": "CHA"}, {"participants": 2, "male": 0, "female": 2, "medal": 0, "country": "MYA"}, {"participants": 3, "male": 2, "female": 1, "medal": 0, "country": "GAM"}, {"participants": 5, "male": 3, "female": 2, "medal": 0, "country": "BUR"}, {"participants": 2, "male": 1, "female": 1, "medal": 0, "country": "LBR"}]