[{"participants": 102, "male": 43, "female": 59, "medal": 22, "country": "NOR"}, {"participants": 53, "male": 36, "female": 17, "medal": 3, "country": "EST"}, {"participants": 355, "male": 209, "female": 146, "medal": 70, "country": "ESP"}, {"participants": 600, "male": 315, "female": 285, "medal": 142, "country": "RUS"}, {"participants": 237, "male": 141, "female": 96, "medal": 29, "country": "BLR"}, {"participants": 448, "male": 266, "female": 182, "medal": 77, "country": "FRA"}, {"participants": 459, "male": 276, "female": 183, "medal": 42, "country": "ITA"}, {"participants": 22, "male": 20, "female": 2, "medal": 0, "country": "PAK"}, {"participants": 44, "male": 30, "female": 14, "medal": 7, "country": "AZE"}, {"participants": 570, "male": 299, "female": 271, "medal": 149, "country": "AUS"}, {"participants": 179, "male": 99, "female": 80, "medal": 1, "country": "RSA"}, {"participants": 449, "male": 261, "female": 188, "medal": 35, "country": "CAN"}, {"participants": 763, "male": 397, "female": 366, "medal": 317, "country": "USA"}, {"participants": 49, "male": 37, "female": 12, "medal": 2, "country": "MAR"}, {"participants": 116, "male": 82, "female": 34, "medal": 1, "country": "EGY"}, {"participants": 11, "male": 9, "female": 2, "medal": 0, "country": "ERI"}, {"participants": 9, "male": 5, "female": 4, "medal": 1, "country": "SUD"}, {"participants": 57, "male": 35, "female": 22, "medal": 2, "country": "ALG"}, {"participants": 4, "male": 2, "female": 2, "medal": 0, "country": "PLE"}, {"participants": 4, "male": 3, "female": 1, "medal": 0, "country": "IRQ"}, {"participants": 20, "male": 20, "female": 0, "medal": 0, "country": "QAT"}, {"participants": 22, "male": 18, "female": 4, "medal": 2, "country": "KGZ"}, {"participants": 16, "male": 13, "female": 3, "medal": 2, "country": "TJK"}, {"participants": 457, "male": 233, "female": 224, "medal": 51, "country": "JPN"}, {"participants": 558, "male": 313, "female": 245, "medal": 99, "country": "GER"}, {"participants": 71, "male": 50, "female": 21, "medal": 7, "country": "TUR"}, {"participants": 22, "male": 20, "female": 2, "medal": 0, "country": "CIV"}, {"participants": 146, "male": 72, "female": 74, "medal": 13, "country": "KAZ"}, {"participants": 169, "male": 72, "female": 97, "medal": 7, "country": "SWE"}, {"participants": 87, "male": 58, "female": 29, "medal": 2, "country": "POR"}, {"participants": 33, "male": 18, "female": 15, "medal": 0, "country": "ANG"}, {"participants": 55, "male": 52, "female": 3, "medal": 2, "country": "IRI"}, {"participants": 5, "male": 3, "female": 2, "medal": 0, "country": "BAN"}, {"participants": 89, "male": 42, "female": 47, "medal": 23, "country": "NGR"}, {"participants": 172, "male": 84, "female": 88, "medal": 22, "country": "ROU"}, {"participants": 126, "male": 68, "female": 58, "medal": 1, "country": "VEN"}, {"participants": 67, "male": 38, "female": 29, "medal": 3, "country": "IND"}, {"participants": 420, "male": 211, "female": 209, "medal": 81, "country": "GBR"}, {"participants": 29, "male": 17, "female": 12, "medal": 1, "country": "TUN"}, {"participants": 145, "male": 89, "female": 56, "medal": 51, "country": "ARG"}, {"participants": 103, "male": 52, "female": 51, "medal": 4, "country": "MEX"}, {"participants": 171, "male": 110, "female": 61, "medal": 47, "country": "CUB"}, {"participants": 11, "male": 6, "female": 5, "medal": 1, "country": "MRI"}, {"participants": 316, "male": 181, "female": 135, "medal": 20, "country": "POL"}, {"participants": 201, "male": 112, "female": 89, "medal": 15, "country": "NZL"}, {"participants": 4, "male": 2, "female": 2, "medal": 0, "country": "LBR"}, {"participants": 29, "male": 15, "female": 14, "medal": 7, "country": "ETH"}, {"participants": 8, "male": 4, "female": 4, "medal": 0, "country": "NEP"}, {"participants": 26, "male": 24, "female": 2, "medal": 6, "country": "ARM"}, {"participants": 283, "male": 160, "female": 123, "medal": 61, "country": "NED"}, {"participants": 338, "male": 172, "female": 166, "medal": 78, "country": "BRA"}, {"participants": 327, "male": 161, "female": 166, "medal": 31, "country": "UKR"}, {"participants": 4, "male": 2, "female": 2, "medal": 0, "country": "ASA"}, {"participants": 112, "male": 90, "female": 22, "medal": 5, "country": "BEL"}, {"participants": 176, "male": 97, "female": 79, "medal": 7, "country": "GRE"}, {"participants": 93, "male": 55, "female": 38, "medal": 3, "country": "AUT"}, {"participants": 10, "male": 7, "female": 3, "medal": 0, "country": "SEY"}, {"participants": 27, "male": 19, "female": 8, "medal": 2, "country": "DOM"}, {"participants": 7, "male": 4, "female": 3, "medal": 0, "country": "NCA"}, {"participants": 7, "male": 3, "female": 4, "medal": 0, "country": "PAR"}, {"participants": 3, "male": 2, "female": 1, "medal": 0, "country": "COM"}, {"participants": 11, "male": 6, "female": 5, "medal": 0, "country": "NAM"}, {"participants": 6, "male": 2, "female": 4, "medal": 0, "country": "BER"}, {"participants": 7, "male": 5, "female": 2, "medal": 0, "country": "SAM"}, {"participants": 18, "male": 7, "female": 11, "medal": 0, "country": "CYP"}, {"participants": 47, "male": 29, "female": 18, "medal": 15, "country": "KEN"}, {"participants": 18, "male": 18, "female": 0, "medal": 0, "country": "KSA"}, {"participants": 8, "male": 8, "female": 0, "medal": 0, "country": "KUW"}, {"participants": 15, "male": 12, "female": 3, "medal": 0, "country": "BRN"}, {"participants": 7, "male": 6, "female": 1, "medal": 0, "country": "SYR"}, {"participants": 4, "male": 3, "female": 1, "medal": 0, "country": "OMA"}, {"participants": 8, "male": 7, "female": 1, "medal": 0, "country": "YEM"}, {"participants": 7, "male": 3, "female": 4, "medal": 0, "country": "JOR"}, {"participants": 9, "male": 7, "female": 2, "medal": 0, "country": "UAE"}, {"participants": 70, "male": 38, "female": 32, "medal": 5, "country": "FIN"}, {"participants": 66, "male": 30, "female": 36, "medal": 14, "country": "JAM"}, {"participants": 78, "male": 45, "female": 33, "medal": 5, "country": "LTU"}, {"participants": 87, "male": 52, "female": 35, "medal": 5, "country": "BUL"}, {"participants": 2, "male": 1, "female": 1, "medal": 0, "country": "VIN"}, {"participants": 4, "male": 2, "female": 2, "medal": 0, "country": "NIG"}, {"participants": 6, "male": 4, "female": 2, "medal": 0, "country": "LBA"}, {"participants": 32, "male": 25, "female": 7, "medal": 1, "country": "CMR"}, {"participants": 2, "male": 1, "female": 1, "medal": 0, "country": "DJI"}, {"participants": 7, "male": 6, "female": 1, "medal": 0, "country": "BIH"}, {"participants": 7, "male": 5, "female": 2, "medal": 0, "country": "GUM"}, {"participants": 125, "male": 95, "female": 30, "medal": 5, "country": "CRO"}, {"participants": 10, "male": 8, "female": 2, "medal": 0, "country": "BAR"}, {"participants": 29, "male": 22, "female": 7, "medal": 1, "country": "CHI"}, {"participants": 26, "male": 24, "female": 2, "medal": 0, "country": "HON"}, {"participants": 90, "male": 57, "female": 33, "medal": 2, "country": "COL"}, {"participants": 69, "male": 49, "female": 20, "medal": 6, "country": "UZB"}, {"participants": 33, "male": 22, "female": 11, "medal": 7, "country": "BAH"}, {"participants": 42, "male": 26, "female": 16, "medal": 1, "country": "MAS"}, {"participants": 9, "male": 8, "female": 1, "medal": 0, "country": "GHA"}, {"participants": 329, "male": 208, "female": 121, "medal": 78, "country": "KOR"}, {"participants": 66, "male": 22, "female": 44, "medal": 6, "country": "PRK"}, {"participants": 108, "male": 76, "female": 32, "medal": 19, "country": "DEN"}, {"participants": 6, "male": 4, "female": 2, "medal": 0, "country": "MAD"}, {"participants": 17, "male": 11, "female": 6, "medal": 0, "country": "PHI"}, {"participants": 158, "male": 87, "female": 71, "medal": 7, "country": "CZE"}, {"participants": 730, "male": 376, "female": 354, "medal": 184, "country": "CHN"}, {"participants": 10, "male": 6, "female": 4, "medal": 0, "country": "TKM"}, {"participants": 53, "male": 35, "female": 18, "medal": 3, "country": "LAT"}, {"participants": 63, "male": 44, "female": 19, "medal": 3, "country": "IRL"}, {"participants": 53, "male": 23, "female": 30, "medal": 4, "country": "THA"}, {"participants": 13, "male": 9, "female": 4, "medal": 0, "country": "GUA"}, {"participants": 14, "male": 4, "female": 10, "medal": 0, "country": "ESA"}, {"participants": 35, "male": 22, "female": 13, "medal": 6, "country": "TTO"}, {"participants": 216, "male": 113, "female": 103, "medal": 27, "country": "HUN"}, {"participants": 31, "male": 22, "female": 9, "medal": 14, "country": "ISL"}, {"participants": 31, "male": 24, "female": 7, "medal": 0, "country": "PUR"}, {"participants": 116, "male": 68, "female": 48, "medal": 11, "country": "SUI"}, {"participants": 6, "male": 3, "female": 3, "medal": 0, "country": "MLT"}, {"participants": 47, "male": 22, "female": 25, "medal": 0, "country": "HKG"}, {"participants": 7, "male": 3, "female": 4, "medal": 0, "country": "HAI"}, {"participants": 60, "male": 35, "female": 25, "medal": 1, "country": "ISR"}, {"participants": 4, "male": 3, "female": 1, "medal": 1, "country": "AFG"}, {"participants": 17, "male": 10, "female": 7, "medal": 0, "country": "SEN"}, {"participants": 31, "male": 14, "female": 17, "medal": 4, "country": "MGL"}, {"participants": 17, "male": 3, "female": 14, "medal": 0, "country": "MLI"}, {"participants": 4, "male": 2, "female": 2, "medal": 0, "country": "GAB"}, {"participants": 26, "male": 18, "female": 8, "medal": 1, "country": "ECU"}, {"participants": 5, "male": 4, "female": 1, "medal": 0, "country": "ANT"}, {"participants": 5, "male": 3, "female": 2, "medal": 0, "country": "CGO"}, {"participants": 11, "male": 9, "female": 2, "medal": 0, "country": "BOT"}, {"participants": 16, "male": 8, "female": 8, "medal": 4, "country": "ZIM"}, {"participants": 13, "male": 7, "female": 6, "medal": 0, "country": "PER"}, {"participants": 8, "male": 6, "female": 2, "medal": 0, "country": "ISV"}, {"participants": 5, "male": 2, "female": 3, "medal": 0, "country": "GUI"}, {"participants": 67, "male": 39, "female": 28, "medal": 10, "country": "SVK"}, {"participants": 9, "male": 4, "female": 5, "medal": 0, "country": "GRN"}, {"participants": 11, "male": 9, "female": 2, "medal": 0, "country": "UGA"}, {"participants": 9, "male": 7, "female": 2, "medal": 0, "country": "TAN"}, {"participants": 4, "male": 1, "female": 3, "medal": 0, "country": "LCA"}, {"participants": 38, "male": 29, "female": 9, "medal": 6, "country": "GEO"}, {"participants": 12, "male": 7, "female": 5, "medal": 0, "country": "ALB"}, {"participants": 5, "male": 3, "female": 2, "medal": 0, "country": "AND"}, {"participants": 97, "male": 70, "female": 27, "medal": 15, "country": "SRB"}, {"participants": 3, "male": 2, "female": 1, "medal": 0, "country": "SLE"}, {"participants": 19, "male": 15, "female": 4, "medal": 0, "country": "LUX"}, {"participants": 5, "male": 3, "female": 2, "medal": 1, "country": "PAN"}, {"participants": 9, "male": 5, "female": 4, "medal": 0, "country": "PNG"}, {"participants": 4, "male": 3, "female": 1, "medal": 0, "country": "STP"}, {"participants": 3, "male": 2, "female": 1, "medal": 0, "country": "CAF"}, {"participants": 4, "male": 3, "female": 1, "medal": 1, "country": "TOG"}, {"participants": 73, "male": 46, "female": 27, "medal": 5, "country": "SLO"}, {"participants": 30, "male": 22, "female": 8, "medal": 1, "country": "MDA"}, {"participants": 8, "male": 6, "female": 2, "medal": 0, "country": "CRC"}, {"participants": 20, "male": 18, "female": 2, "medal": 0, "country": "MNE"}, {"participants": 13, "male": 10, "female": 3, "medal": 0, "country": "URU"}, {"participants": 4, "male": 2, "female": 2, "medal": 0, "country": "SMR"}, {"participants": 6, "male": 4, "female": 2, "medal": 0, "country": "FIJ"}, {"participants": 4, "male": 2, "female": 2, "medal": 0, "country": "GUY"}, {"participants": 8, "male": 6, "female": 2, "medal": 0, "country": "ZAM"}, {"participants": 36, "male": 13, "female": 23, "medal": 3, "country": "SGP"}, {"participants": 7, "male": 4, "female": 3, "medal": 0, "country": "BOL"}, {"participants": 4, "male": 2, "female": 2, "medal": 0, "country": "MOZ"}, {"participants": 2, "male": 1, "female": 1, "medal": 0, "country": "MTN"}, {"participants": 92, "male": 48, "female": 44, "medal": 4, "country": "TPE"}, {"participants": 4, "male": 2, "female": 2, "medal": 0, "country": "MAW"}, {"participants": 26, "male": 15, "female": 11, "medal": 7, "country": "INA"}, {"participants": 4, "male": 2, "female": 2, "medal": 0, "country": "LAO"}, {"participants": 6, "male": 2, "female": 4, "medal": 0, "country": "SKN"}, {"participants": 5, "male": 3, "female": 2, "medal": 0, "country": "MHL"}, {"participants": 2, "male": 1, "female": 1, "medal": 0, "country": "CPV"}, {"participants": 3, "male": 2, "female": 1, "medal": 0, "country": "GBS"}, {"participants": 5, "male": 3, "female": 2, "medal": 0, "country": "FSM"}, {"participants": 5, "male": 3, "female": 2, "medal": 0, "country": "BEN"}, {"participants": 4, "male": 4, "female": 0, "medal": 0, "country": "AHO"}, {"participants": 2, "male": 1, "female": 1, "medal": 0, "country": "BHU"}, {"participants": 1, "male": 1, "female": 0, "medal": 0, "country": "NRU"}, {"participants": 5, "male": 4, "female": 1, "medal": 0, "country": "MON"}, {"participants": 4, "male": 2, "female": 2, "medal": 0, "country": "RWA"}, {"participants": 4, "male": 2, "female": 2, "medal": 0, "country": "SWZ"}, {"participants": 18, "male": 8, "female": 10, "medal": 1, "country": "VIE"}, {"participants": 5, "male": 3, "female": 2, "medal": 0, "country": "PLW"}, {"participants": 3, "male": 2, "female": 1, "medal": 0, "country": "TUV"}, {"participants": 4, "male": 3, "female": 1, "medal": 0, "country": "BIZ"}, {"participants": 6, "male": 5, "female": 1, "medal": 0, "country": "CAY"}, {"participants": 2, "male": 2, "female": 0, "medal": 0, "country": "LIE"}, {"participants": 6, "male": 4, "female": 2, "medal": 0, "country": "LIB"}, {"participants": 3, "male": 1, "female": 2, "medal": 0, "country": "SOL"}, {"participants": 2, "male": 1, "female": 1, "medal": 0, "country": "IVB"}, {"participants": 4, "male": 3, "female": 1, "medal": 0, "country": "COK"}, {"participants": 4, "male": 2, "female": 2, "medal": 0, "country": "CAM"}, {"participants": 2, "male": 2, "female": 0, "medal": 0, "country": "DMA"}, {"participants": 4, "male": 2, "female": 2, "medal": 0, "country": "MDV"}, {"participants": 2, "male": 1, "female": 1, "medal": 0, "country": "SOM"}, {"participants": 3, "male": 2, "female": 1, "medal": 0, "country": "GAM"}, {"participants": 9, "male": 5, "female": 4, "medal": 0, "country": "SRI"}, {"participants": 3, "male": 1, "female": 2, "medal": 0, "country": "VAN"}, {"participants": 2, "male": 2, "female": 0, "medal": 0, "country": "KIR"}, {"participants": 5, "male": 4, "female": 1, "medal": 0, "country": "COD"}, {"participants": 5, "male": 4, "female": 1, "medal": 0, "country": "LES"}, {"participants": 7, "male": 5, "female": 2, "medal": 0, "country": "MYA"}, {"participants": 3, "male": 2, "female": 1, "medal": 0, "country": "TGA"}, {"participants": 3, "male": 2, "female": 1, "medal": 0, "country": "GEQ"}, {"participants": 2, "male": 1, "female": 1, "medal": 0, "country": "CHA"}, {"participants": 7, "male": 5, "female": 2, "medal": 0, "country": "MKD"}, {"participants": 4, "male": 2, "female": 2, "medal": 0, "country": "SUR"}, {"participants": 6, "male": 3, "female": 3, "medal": 0, "country": "BUR"}, {"participants": 3, "male": 1, "female": 2, "medal": 0, "country": "BDI"}, {"participants": 2, "male": 2, "female": 0, "medal": 0, "country": "ARU"}, {"participants": 1, "male": 0, "female": 1, "medal": 0, "country": "TLS"}]