[{"participants": 479, "male": 212, "female": 267, "medal": 125, "country": "CHN"}, {"participants": 426, "male": 243, "female": 183, "medal": 82, "country": "FRA"}, {"participants": 67, "male": 48, "female": 19, "medal": 1, "country": "MAR"}, {"participants": 549, "male": 266, "female": 283, "medal": 140, "country": "RUS"}, {"participants": 148, "male": 103, "female": 45, "medal": 19, "country": "ARG"}, {"participants": 382, "male": 212, "female": 170, "medal": 68, "country": "ITA"}, {"participants": 39, "male": 22, "female": 17, "medal": 1, "country": "ALG"}, {"participants": 21, "male": 19, "female": 2, "medal": 0, "country": "PAK"}, {"participants": 57, "male": 46, "female": 11, "medal": 12, "country": "IRI"}, {"participants": 132, "male": 87, "female": 45, "medal": 2, "country": "EGY"}, {"participants": 514, "male": 271, "female": 243, "medal": 114, "country": "AUS"}, {"participants": 689, "male": 346, "female": 343, "medal": 248, "country": "USA"}, {"participants": 32, "male": 10, "female": 22, "medal": 0, "country": "CMR"}, {"participants": 8, "male": 5, "female": 3, "medal": 0, "country": "IRQ"}, {"participants": 56, "male": 37, "female": 19, "medal": 3, "country": "UZB"}, {"participants": 59, "male": 43, "female": 16, "medal": 10, "country": "AZE"}, {"participants": 26, "male": 24, "female": 2, "medal": 0, "country": "UAE"}, {"participants": 15, "male": 12, "female": 3, "medal": 0, "country": "KGZ"}, {"participants": 16, "male": 13, "female": 3, "medal": 1, "country": "TJK"}, {"participants": 354, "male": 146, "female": 208, "medal": 55, "country": "CAN"}, {"participants": 118, "male": 70, "female": 48, "medal": 14, "country": "CUB"}, {"participants": 339, "male": 203, "female": 136, "medal": 63, "country": "ESP"}, {"participants": 399, "male": 199, "female": 200, "medal": 84, "country": "JPN"}, {"participants": 58, "male": 30, "female": 28, "medal": 0, "country": "NGR"}, {"participants": 98, "male": 56, "female": 42, "medal": 2, "country": "POR"}, {"participants": 126, "male": 89, "female": 37, "medal": 4, "country": "SUI"}, {"participants": 120, "male": 56, "female": 64, "medal": 8, "country": "COL"}, {"participants": 34, "male": 18, "female": 16, "medal": 7, "country": "ETH"}, {"participants": 9, "male": 5, "female": 4, "medal": 0, "country": "JOR"}, {"participants": 5, "male": 3, "female": 2, "medal": 0, "country": "PLE"}, {"participants": 132, "male": 85, "female": 47, "medal": 13, "country": "KAZ"}, {"participants": 684, "male": 350, "female": 334, "medal": 126, "country": "GBR"}, {"participants": 16, "male": 12, "female": 4, "medal": 1, "country": "UGA"}, {"participants": 87, "male": 66, "female": 21, "medal": 3, "country": "TUN"}, {"participants": 222, "male": 117, "female": 105, "medal": 69, "country": "NED"}, {"participants": 119, "male": 74, "female": 45, "medal": 24, "country": "MEX"}, {"participants": 85, "male": 49, "female": 36, "medal": 1, "country": "VEN"}, {"participants": 256, "male": 145, "female": 111, "medal": 12, "country": "POL"}, {"participants": 6, "male": 4, "female": 2, "medal": 0, "country": "NIG"}, {"participants": 7, "male": 7, "female": 0, "medal": 0, "country": "SKN"}, {"participants": 204, "male": 110, "female": 94, "medal": 27, "country": "NZL"}, {"participants": 510, "male": 279, "female": 231, "medal": 94, "country": "GER"}, {"participants": 3, "male": 1, "female": 2, "medal": 0, "country": "LBR"}, {"participants": 12, "male": 11, "female": 1, "medal": 0, "country": "ERI"}, {"participants": 306, "male": 162, "female": 144, "medal": 59, "country": "BRA"}, {"participants": 168, "male": 66, "female": 102, "medal": 22, "country": "SWE"}, {"participants": 142, "male": 93, "female": 49, "medal": 3, "country": "BEL"}, {"participants": 38, "male": 22, "female": 16, "medal": 2, "country": "MAS"}, {"participants": 115, "male": 70, "female": 45, "medal": 3, "country": "GRE"}, {"participants": 155, "male": 82, "female": 73, "medal": 16, "country": "ROU"}, {"participants": 7, "male": 5, "female": 2, "medal": 0, "country": "RWA"}, {"participants": 6, "male": 4, "female": 2, "medal": 0, "country": "TOG"}, {"participants": 10, "male": 6, "female": 4, "medal": 0, "country": "PAR"}, {"participants": 27, "male": 24, "female": 3, "medal": 0, "country": "URU"}, {"participants": 3, "male": 1, "female": 2, "medal": 0, "country": "COM"}, {"participants": 22, "male": 13, "female": 9, "medal": 2, "country": "INA"}, {"participants": 5, "male": 3, "female": 2, "medal": 0, "country": "MDV"}, {"participants": 5, "male": 4, "female": 1, "medal": 0, "country": "BEN"}, {"participants": 10, "male": 4, "female": 6, "medal": 0, "country": "CIV"}, {"participants": 9, "male": 5, "female": 4, "medal": 0, "country": "NAM"}, {"participants": 36, "male": 25, "female": 11, "medal": 2, "country": "EST"}, {"participants": 38, "male": 26, "female": 12, "medal": 10, "country": "TTO"}, {"participants": 72, "male": 42, "female": 30, "medal": 5, "country": "LTU"}, {"participants": 304, "male": 161, "female": 143, "medal": 26, "country": "UKR"}, {"participants": 3, "male": 2, "female": 1, "medal": 0, "country": "VIN"}, {"participants": 119, "male": 52, "female": 67, "medal": 5, "country": "TUR"}, {"participants": 13, "male": 9, "female": 4, "medal": 1, "country": "CYP"}, {"participants": 23, "male": 21, "female": 2, "medal": 4, "country": "KSA"}, {"participants": 12, "male": 9, "female": 3, "medal": 1, "country": "KUW"}, {"participants": 14, "male": 9, "female": 5, "medal": 2, "country": "QAT"}, {"participants": 14, "male": 4, "female": 10, "medal": 1, "country": "BRN"}, {"participants": 4, "male": 3, "female": 1, "medal": 0, "country": "YEM"}, {"participants": 3, "male": 2, "female": 1, "medal": 0, "country": "OMA"}, {"participants": 6, "male": 4, "female": 2, "medal": 0, "country": "SUD"}, {"participants": 69, "male": 32, "female": 37, "medal": 5, "country": "FIN"}, {"participants": 9, "male": 6, "female": 3, "medal": 0, "country": "FIJ"}, {"participants": 5, "male": 3, "female": 2, "medal": 0, "country": "VAN"}, {"participants": 62, "male": 29, "female": 33, "medal": 25, "country": "JAM"}, {"participants": 24, "male": 14, "female": 10, "medal": 1, "country": "GUA"}, {"participants": 28, "male": 19, "female": 9, "medal": 2, "country": "PUR"}, {"participants": 75, "male": 39, "female": 36, "medal": 2, "country": "BUL"}, {"participants": 31, "male": 27, "female": 4, "medal": 3, "country": "ARM"}, {"participants": 50, "male": 36, "female": 14, "medal": 3, "country": "LAT"}, {"participants": 134, "male": 92, "female": 42, "medal": 16, "country": "SRB"}, {"participants": 185, "male": 99, "female": 86, "medal": 23, "country": "BLR"}, {"participants": 2, "male": 1, "female": 1, "medal": 0, "country": "IVB"}, {"participants": 11, "male": 5, "female": 6, "medal": 0, "country": "ESA"}, {"participants": 7, "male": 3, "female": 4, "medal": 0, "country": "MAD"}, {"participants": 4, "male": 2, "female": 2, "medal": 0, "country": "DJI"}, {"participants": 118, "male": 69, "female": 49, "medal": 35, "country": "CRO"}, {"participants": 11, "male": 7, "female": 4, "medal": 0, "country": "PHI"}, {"participants": 6, "male": 4, "female": 2, "medal": 0, "country": "SEY"}, {"participants": 8, "male": 8, "female": 0, "medal": 0, "country": "BAR"}, {"participants": 36, "male": 23, "female": 13, "medal": 0, "country": "ECU"}, {"participants": 35, "male": 6, "female": 29, "medal": 0, "country": "ANG"}, {"participants": 69, "male": 37, "female": 32, "medal": 17, "country": "NOR"}, {"participants": 11, "male": 8, "female": 3, "medal": 0, "country": "CRC"}, {"participants": 90, "male": 52, "female": 38, "medal": 0, "country": "AUT"}, {"participants": 29, "male": 16, "female": 13, "medal": 4, "country": "BAH"}, {"participants": 4, "male": 3, "female": 1, "medal": 1, "country": "BOT"}, {"participants": 7, "male": 5, "female": 2, "medal": 0, "country": "GHA"}, {"participants": 57, "male": 17, "female": 40, "medal": 6, "country": "PRK"}, {"participants": 149, "male": 76, "female": 73, "medal": 16, "country": "DEN"}, {"participants": 51, "male": 29, "female": 22, "medal": 11, "country": "KEN"}, {"participants": 76, "male": 42, "female": 34, "medal": 5, "country": "IRL"}, {"participants": 32, "male": 18, "female": 14, "medal": 5, "country": "MGL"}, {"participants": 78, "male": 30, "female": 48, "medal": 5, "country": "SLO"}, {"participants": 5, "male": 2, "female": 3, "medal": 0, "country": "PLW"}, {"participants": 201, "male": 113, "female": 88, "medal": 26, "country": "HUN"}, {"participants": 95, "male": 66, "female": 29, "medal": 6, "country": "IND"}, {"participants": 159, "male": 81, "female": 78, "medal": 14, "country": "CZE"}, {"participants": 145, "male": 84, "female": 61, "medal": 9, "country": "RSA"}, {"participants": 44, "male": 26, "female": 18, "medal": 0, "country": "CHI"}, {"participants": 43, "male": 22, "female": 21, "medal": 3, "country": "THA"}, {"participants": 36, "male": 15, "female": 21, "medal": 2, "country": "DOM"}, {"participants": 16, "male": 9, "female": 7, "medal": 0, "country": "PER"}, {"participants": 36, "male": 24, "female": 12, "medal": 0, "country": "ISL"}, {"participants": 56, "male": 33, "female": 23, "medal": 0, "country": "ISR"}, {"participants": 11, "male": 4, "female": 7, "medal": 0, "country": "MRI"}, {"participants": 20, "male": 12, "female": 8, "medal": 2, "country": "MDA"}, {"participants": 8, "male": 5, "female": 3, "medal": 0, "country": "GUM"}, {"participants": 55, "male": 26, "female": 29, "medal": 1, "country": "HKG"}, {"participants": 21, "male": 19, "female": 2, "medal": 1, "country": "GAB"}, {"participants": 6, "male": 3, "female": 3, "medal": 0, "country": "MYA"}, {"participants": 6, "male": 5, "female": 1, "medal": 1, "country": "AFG"}, {"participants": 32, "male": 25, "female": 7, "medal": 0, "country": "SEN"}, {"participants": 10, "male": 3, "female": 7, "medal": 0, "country": "LIB"}, {"participants": 312, "male": 176, "female": 136, "medal": 61, "country": "KOR"}, {"participants": 4, "male": 2, "female": 2, "medal": 0, "country": "ANT"}, {"participants": 7, "male": 4, "female": 3, "medal": 0, "country": "CGO"}, {"participants": 5, "male": 3, "female": 2, "medal": 0, "country": "BOL"}, {"participants": 6, "male": 5, "female": 1, "medal": 0, "country": "MON"}, {"participants": 10, "male": 6, "female": 4, "medal": 0, "country": "SYR"}, {"participants": 34, "male": 19, "female": 15, "medal": 14, "country": "MNE"}, {"participants": 4, "male": 2, "female": 2, "medal": 0, "country": "GUI"}, {"participants": 65, "male": 35, "female": 30, "medal": 5, "country": "SVK"}, {"participants": 6, "male": 4, "female": 2, "medal": 0, "country": "GUY"}, {"participants": 10, "male": 7, "female": 3, "medal": 0, "country": "TKM"}, {"participants": 4, "male": 1, "female": 3, "medal": 0, "country": "LCA"}, {"participants": 10, "male": 7, "female": 3, "medal": 0, "country": "ALB"}, {"participants": 25, "male": 22, "female": 3, "medal": 0, "country": "HON"}, {"participants": 9, "male": 6, "female": 3, "medal": 0, "country": "SAM"}, {"participants": 6, "male": 4, "female": 2, "medal": 0, "country": "AND"}, {"participants": 8, "male": 5, "female": 3, "medal": 1, "country": "GRN"}, {"participants": 6, "male": 2, "female": 4, "medal": 0, "country": "BDI"}, {"participants": 4, "male": 2, "female": 2, "medal": 0, "country": "MKD"}, {"participants": 36, "male": 28, "female": 8, "medal": 7, "country": "GEO"}, {"participants": 4, "male": 3, "female": 1, "medal": 0, "country": "IOA"}, {"participants": 5, "male": 3, "female": 2, "medal": 0, "country": "MLT"}, {"participants": 6, "male": 3, "female": 3, "medal": 0, "country": "CAF"}, {"participants": 6, "male": 3, "female": 3, "medal": 0, "country": "NCA"}, {"participants": 9, "male": 4, "female": 5, "medal": 0, "country": "COK"}, {"participants": 8, "male": 5, "female": 3, "medal": 0, "country": "BER"}, {"participants": 7, "male": 6, "female": 1, "medal": 0, "country": "BAN"}, {"participants": 11, "male": 7, "female": 4, "medal": 0, "country": "LUX"}, {"participants": 6, "male": 4, "female": 2, "medal": 0, "country": "MOZ"}, {"participants": 6, "male": 4, "female": 2, "medal": 0, "country": "MLI"}, {"participants": 8, "male": 6, "female": 2, "medal": 0, "country": "PAN"}, {"participants": 6, "male": 3, "female": 3, "medal": 0, "country": "CAM"}, {"participants": 55, "male": 22, "female": 33, "medal": 2, "country": "TPE"}, {"participants": 36, "male": 12, "female": 24, "medal": 4, "country": "SGP"}, {"participants": 2, "male": 0, "female": 2, "medal": 0, "country": "BHU"}, {"participants": 7, "male": 5, "female": 2, "medal": 0, "country": "ZAM"}, {"participants": 24, "male": 8, "female": 16, "medal": 0, "country": "VIE"}, {"participants": 2, "male": 1, "female": 1, "medal": 0, "country": "GAM"}, {"participants": 8, "male": 5, "female": 3, "medal": 0, "country": "SRI"}, {"participants": 9, "male": 4, "female": 5, "medal": 0, "country": "ZIM"}, {"participants": 2, "male": 1, "female": 1, "medal": 0, "country": "STP"}, {"participants": 4, "male": 2, "female": 2, "medal": 0, "country": "GBS"}, {"participants": 6, "male": 4, "female": 2, "medal": 0, "country": "FSM"}, {"participants": 3, "male": 2, "female": 1, "medal": 0, "country": "KIR"}, {"participants": 5, "male": 3, "female": 2, "medal": 0, "country": "HAI"}, {"participants": 2, "male": 2, "female": 0, "medal": 0, "country": "NRU"}, {"participants": 5, "male": 2, "female": 3, "medal": 0, "country": "NEP"}, {"participants": 4, "male": 3, "female": 1, "medal": 0, "country": "LBA"}, {"participants": 2, "male": 1, "female": 1, "medal": 0, "country": "MTN"}, {"participants": 2, "male": 1, "female": 1, "medal": 0, "country": "GEQ"}, {"participants": 4, "male": 3, "female": 1, "medal": 0, "country": "ASA"}, {"participants": 2, "male": 1, "female": 1, "medal": 0, "country": "SOM"}, {"participants": 8, "male": 6, "female": 2, "medal": 0, "country": "BIH"}, {"participants": 3, "male": 2, "female": 1, "medal": 0, "country": "TGA"}, {"participants": 7, "male": 7, "female": 0, "medal": 0, "country": "CAY"}, {"participants": 2, "male": 1, "female": 1, "medal": 0, "country": "DMA"}, {"participants": 4, "male": 2, "female": 2, "medal": 0, "country": "MHL"}, {"participants": 6, "male": 4, "female": 2, "medal": 0, "country": "TAN"}, {"participants": 4, "male": 1, "female": 3, "medal": 0, "country": "SMR"}, {"participants": 9, "male": 4, "female": 5, "medal": 0, "country": "ISV"}, {"participants": 3, "male": 2, "female": 1, "medal": 0, "country": "SWZ"}, {"participants": 4, "male": 1, "female": 3, "medal": 0, "country": "LIE"}, {"participants": 4, "male": 3, "female": 1, "medal": 0, "country": "ARU"}, {"participants": 3, "male": 2, "female": 1, "medal": 0, "country": "LAO"}, {"participants": 8, "male": 4, "female": 4, "medal": 0, "country": "PNG"}, {"participants": 4, "male": 3, "female": 1, "medal": 0, "country": "COD"}, {"participants": 5, "male": 2, "female": 3, "medal": 0, "country": "BUR"}, {"participants": 4, "male": 2, "female": 2, "medal": 0, "country": "SOL"}, {"participants": 3, "male": 2, "female": 1, "medal": 0, "country": "TUV"}, {"participants": 4, "male": 2, "female": 2, "medal": 0, "country": "LES"}, {"participants": 3, "male": 2, "female": 1, "medal": 0, "country": "BRU"}, {"participants": 3, "male": 1, "female": 2, "medal": 0, "country": "CPV"}, {"participants": 3, "male": 2, "female": 1, "medal": 0, "country": "BIZ"}, {"participants": 2, "male": 1, "female": 1, "medal": 0, "country": "TLS"}, {"participants": 2, "male": 0, "female": 2, "medal": 0, "country": "CHA"}, {"participants": 5, "male": 3, "female": 2, "medal": 0, "country": "SUR"}, {"participants": 2, "male": 1, "female": 1, "medal": 0, "country": "SLE"}, {"participants": 3, "male": 1, "female": 2, "medal": 0, "country": "MAW"}]