[{"participants": 121, "male": 46, "female": 75, "medal": 16, "country": "ROU"}, {"participants": 363, "male": 191, "female": 172, "medal": 45, "country": "ESP"}, {"participants": 399, "male": 213, "female": 186, "medal": 72, "country": "ITA"}, {"participants": 69, "male": 53, "female": 16, "medal": 18, "country": "AZE"}, {"participants": 512, "male": 295, "female": 217, "medal": 96, "country": "FRA"}, {"participants": 74, "male": 61, "female": 13, "medal": 2, "country": "ALG"}, {"participants": 33, "male": 20, "female": 13, "medal": 2, "country": "BRN"}, {"participants": 329, "male": 153, "female": 176, "medal": 47, "country": "NED"}, {"participants": 20, "male": 20, "female": 0, "medal": 0, "country": "IRQ"}, {"participants": 93, "male": 62, "female": 31, "medal": 3, "country": "IRL"}, {"participants": 719, "male": 350, "female": 369, "medal": 264, "country": "USA"}, {"participants": 137, "male": 91, "female": 46, "medal": 3, "country": "EGY"}, {"participants": 67, "male": 56, "female": 11, "medal": 8, "country": "IRI"}, {"participants": 138, "male": 85, "female": 53, "medal": 21, "country": "BEL"}, {"participants": 22, "male": 5, "female": 17, "medal": 0, "country": "CMR"}, {"participants": 123, "male": 66, "female": 57, "medal": 18, "country": "KAZ"}, {"participants": 3, "male": 2, "female": 1, "medal": 0, "country": "BRU"}, {"participants": 80, "male": 53, "female": 27, "medal": 13, "country": "UZB"}, {"participants": 7, "male": 5, "female": 2, "medal": 1, "country": "TJK"}, {"participants": 406, "male": 203, "female": 203, "medal": 115, "country": "RUS"}, {"participants": 405, "male": 151, "female": 254, "medal": 69, "country": "CAN"}, {"participants": 536, "male": 290, "female": 246, "medal": 159, "country": "GER"}, {"participants": 139, "male": 83, "female": 56, "medal": 5, "country": "MEX"}, {"participants": 38, "male": 17, "female": 21, "medal": 8, "country": "ETH"}, {"participants": 10, "male": 8, "female": 2, "medal": 0, "country": "SRI"}, {"participants": 34, "male": 24, "female": 10, "medal": 4, "country": "ARM"}, {"participants": 80, "male": 46, "female": 34, "medal": 13, "country": "KEN"}, {"participants": 77, "male": 49, "female": 28, "medal": 18, "country": "NGR"}, {"participants": 583, "male": 324, "female": 259, "medal": 50, "country": "BRA"}, {"participants": 518, "male": 255, "female": 263, "medal": 82, "country": "AUS"}, {"participants": 47, "male": 26, "female": 21, "medal": 0, "country": "CHI"}, {"participants": 152, "male": 91, "female": 61, "medal": 11, "country": "SUI"}, {"participants": 142, "male": 65, "female": 77, "medal": 12, "country": "BLR"}, {"participants": 7, "male": 3, "female": 4, "medal": 0, "country": "GUY"}, {"participants": 45, "male": 31, "female": 14, "medal": 7, "country": "GEO"}, {"participants": 106, "male": 72, "female": 34, "medal": 1, "country": "POR"}, {"participants": 157, "male": 81, "female": 76, "medal": 8, "country": "COL"}, {"participants": 8, "male": 7, "female": 1, "medal": 0, "country": "DJI"}, {"participants": 8, "male": 7, "female": 1, "medal": 1, "country": "JOR"}, {"participants": 6, "male": 4, "female": 2, "medal": 0, "country": "PLE"}, {"participants": 11, "male": 8, "female": 3, "medal": 0, "country": "KSA"}, {"participants": 130, "male": 68, "female": 62, "medal": 2, "country": "IND"}, {"participants": 15, "male": 7, "female": 8, "medal": 0, "country": "GHA"}, {"participants": 23, "male": 22, "female": 1, "medal": 0, "country": "HON"}, {"participants": 10, "male": 7, "female": 3, "medal": 0, "country": "ESA"}, {"participants": 105, "male": 76, "female": 29, "medal": 3, "country": "VEN"}, {"participants": 232, "male": 150, "female": 82, "medal": 22, "country": "ARG"}, {"participants": 9, "male": 4, "female": 5, "medal": 0, "country": "TKM"}, {"participants": 436, "male": 227, "female": 209, "medal": 64, "country": "JPN"}, {"participants": 9, "male": 8, "female": 1, "medal": 0, "country": "SKN"}, {"participants": 478, "male": 266, "female": 212, "medal": 145, "country": "GBR"}, {"participants": 232, "male": 118, "female": 114, "medal": 36, "country": "NZL"}, {"participants": 119, "male": 65, "female": 54, "medal": 8, "country": "TUR"}, {"participants": 12, "male": 11, "female": 1, "medal": 0, "country": "ERI"}, {"participants": 23, "male": 15, "female": 8, "medal": 0, "country": "UGA"}, {"participants": 46, "male": 26, "female": 20, "medal": 2, "country": "MGL"}, {"participants": 80, "male": 60, "female": 20, "medal": 7, "country": "LTU"}, {"participants": 11, "male": 5, "female": 6, "medal": 0, "country": "NAM"}, {"participants": 19, "male": 12, "female": 7, "medal": 0, "country": "KGZ"}, {"participants": 41, "male": 13, "female": 28, "medal": 1, "country": "PUR"}, {"participants": 42, "male": 23, "female": 19, "medal": 8, "country": "MAS"}, {"participants": 9, "male": 5, "female": 4, "medal": 0, "country": "SAM"}, {"participants": 26, "male": 8, "female": 18, "medal": 0, "country": "ANG"}, {"participants": 155, "male": 109, "female": 46, "medal": 23, "country": "RSA"}, {"participants": 104, "male": 67, "female": 37, "medal": 7, "country": "GRE"}, {"participants": 77, "male": 40, "female": 37, "medal": 19, "country": "NOR"}, {"participants": 143, "male": 100, "female": 43, "medal": 11, "country": "CUB"}, {"participants": 11, "male": 6, "female": 5, "medal": 0, "country": "PAR"}, {"participants": 31, "male": 20, "female": 11, "medal": 4, "country": "INA"}, {"participants": 7, "male": 4, "female": 3, "medal": 0, "country": "BAN"}, {"participants": 15, "male": 6, "female": 9, "medal": 2, "country": "CIV"}, {"participants": 43, "male": 25, "female": 18, "medal": 1, "country": "TTO"}, {"participants": 499, "male": 204, "female": 295, "medal": 113, "country": "CHN"}, {"participants": 32, "male": 12, "female": 20, "medal": 1, "country": "SGP"}, {"participants": 52, "male": 31, "female": 21, "medal": 1, "country": "MAR"}, {"participants": 186, "male": 74, "female": 112, "medal": 28, "country": "SWE"}, {"participants": 272, "male": 127, "female": 145, "medal": 15, "country": "UKR"}, {"participants": 65, "male": 44, "female": 21, "medal": 3, "country": "TUN"}, {"participants": 9, "male": 8, "female": 1, "medal": 2, "country": "IOA"}, {"participants": 4, "male": 2, "female": 2, "medal": 0, "country": "OMA"}, {"participants": 42, "male": 40, "female": 2, "medal": 1, "country": "QAT"}, {"participants": 12, "male": 9, "female": 3, "medal": 1, "country": "UAE"}, {"participants": 23, "male": 14, "female": 9, "medal": 0, "country": "MDA"}, {"participants": 11, "male": 5, "female": 6, "medal": 0, "country": "MRI"}, {"participants": 58, "male": 33, "female": 25, "medal": 7, "country": "BUL"}, {"participants": 127, "male": 70, "female": 57, "medal": 54, "country": "SRB"}, {"participants": 4, "male": 2, "female": 2, "medal": 0, "country": "VIN"}, {"participants": 85, "male": 45, "female": 40, "medal": 2, "country": "AUT"}, {"participants": 6, "male": 4, "female": 2, "medal": 1, "country": "NIG"}, {"participants": 12, "male": 7, "female": 5, "medal": 0, "country": "CRC"}, {"participants": 6, "male": 4, "female": 2, "medal": 0, "country": "SUD"}, {"participants": 6, "male": 2, "female": 4, "medal": 0, "country": "MAD"}, {"participants": 7, "male": 4, "female": 3, "medal": 0, "country": "PAK"}, {"participants": 2, "male": 1, "female": 1, "medal": 0, "country": "CHA"}, {"participants": 11, "male": 7, "female": 4, "medal": 0, "country": "BIH"}, {"participants": 13, "male": 7, "female": 6, "medal": 1, "country": "PHI"}, {"participants": 5, "male": 3, "female": 2, "medal": 0, "country": "CAY"}, {"participants": 7, "male": 4, "female": 3, "medal": 0, "country": "SYR"}, {"participants": 77, "male": 34, "female": 43, "medal": 30, "country": "JAM"}, {"participants": 49, "male": 28, "female": 21, "medal": 4, "country": "EST"}, {"participants": 10, "male": 8, "female": 2, "medal": 0, "country": "SEY"}, {"participants": 40, "male": 24, "female": 16, "medal": 0, "country": "ECU"}, {"participants": 14, "male": 5, "female": 9, "medal": 0, "country": "PAN"}, {"participants": 6, "male": 4, "female": 2, "medal": 0, "country": "GAB"}, {"participants": 38, "male": 21, "female": 17, "medal": 6, "country": "BAH"}, {"participants": 59, "male": 28, "female": 31, "medal": 2, "country": "ISR"}, {"participants": 58, "male": 28, "female": 30, "medal": 6, "country": "THA"}, {"participants": 14, "male": 11, "female": 3, "medal": 0, "country": "BOT"}, {"participants": 12, "male": 7, "female": 5, "medal": 0, "country": "ROT"}, {"participants": 263, "male": 145, "female": 118, "medal": 26, "country": "KOR"}, {"participants": 143, "male": 82, "female": 61, "medal": 41, "country": "DEN"}, {"participants": 5, "male": 2, "female": 3, "medal": 0, "country": "CPV"}, {"participants": 289, "male": 164, "female": 125, "medal": 16, "country": "POL"}, {"participants": 30, "male": 22, "female": 8, "medal": 1, "country": "DOM"}, {"participants": 204, "male": 114, "female": 90, "medal": 22, "country": "HUN"}, {"participants": 135, "male": 79, "female": 56, "medal": 15, "country": "CZE"}, {"participants": 6, "male": 4, "female": 2, "medal": 0, "country": "BEN"}, {"participants": 17, "male": 12, "female": 5, "medal": 0, "country": "URU"}, {"participants": 33, "male": 20, "female": 13, "medal": 0, "country": "LAT"}, {"participants": 4, "male": 2, "female": 2, "medal": 0, "country": "AND"}, {"participants": 21, "male": 14, "female": 7, "medal": 0, "country": "CYP"}, {"participants": 4, "male": 2, "female": 2, "medal": 0, "country": "COM"}, {"participants": 7, "male": 6, "female": 1, "medal": 0, "country": "LBA"}, {"participants": 47, "male": 17, "female": 30, "medal": 0, "country": "HKG"}, {"participants": 5, "male": 2, "female": 3, "medal": 0, "country": "LCA"}, {"participants": 8, "male": 7, "female": 1, "medal": 0, "country": "MOZ"}, {"participants": 5, "male": 2, "female": 3, "medal": 0, "country": "FSM"}, {"participants": 5, "male": 2, "female": 3, "medal": 0, "country": "TOG"}, {"participants": 2, "male": 1, "female": 1, "medal": 0, "country": "MTN"}, {"participants": 3, "male": 2, "female": 1, "medal": 0, "country": "YEM"}, {"participants": 93, "male": 69, "female": 24, "medal": 24, "country": "CRO"}, {"participants": 9, "male": 7, "female": 2, "medal": 0, "country": "ANT"}, {"participants": 3, "male": 2, "female": 1, "medal": 0, "country": "AFG"}, {"participants": 6, "male": 2, "female": 4, "medal": 0, "country": "MKD"}, {"participants": 63, "male": 39, "female": 24, "medal": 8, "country": "SVK"}, {"participants": 5, "male": 2, "female": 3, "medal": 0, "country": "GUI"}, {"participants": 53, "male": 36, "female": 17, "medal": 13, "country": "FIJ"}, {"participants": 9, "male": 4, "female": 5, "medal": 0, "country": "LIB"}, {"participants": 35, "male": 17, "female": 18, "medal": 0, "country": "MNE"}, {"participants": 25, "male": 15, "female": 10, "medal": 0, "country": "GUA"}, {"participants": 8, "male": 6, "female": 2, "medal": 0, "country": "PNG"}, {"participants": 31, "male": 9, "female": 22, "medal": 0, "country": "ZIM"}, {"participants": 4, "male": 3, "female": 1, "medal": 0, "country": "GAM"}, {"participants": 70, "male": 41, "female": 29, "medal": 4, "country": "SLO"}, {"participants": 13, "male": 8, "female": 5, "medal": 0, "country": "BAR"}, {"participants": 9, "male": 4, "female": 5, "medal": 0, "country": "COK"}, {"participants": 8, "male": 4, "female": 4, "medal": 0, "country": "MLT"}, {"participants": 7, "male": 3, "female": 4, "medal": 0, "country": "NEP"}, {"participants": 3, "male": 2, "female": 1, "medal": 0, "country": "STP"}, {"participants": 10, "male": 7, "female": 3, "medal": 0, "country": "CGO"}, {"participants": 6, "male": 3, "female": 3, "medal": 0, "country": "CAF"}, {"participants": 22, "male": 6, "female": 16, "medal": 0, "country": "SEN"}, {"participants": 34, "male": 19, "female": 15, "medal": 0, "country": "PER"}, {"participants": 2, "male": 2, "female": 0, "medal": 0, "country": "NRU"}, {"participants": 5, "male": 3, "female": 2, "medal": 0, "country": "GBS"}, {"participants": 5, "male": 3, "female": 2, "medal": 0, "country": "LAO"}, {"participants": 7, "male": 4, "female": 3, "medal": 0, "country": "RWA"}, {"participants": 3, "male": 1, "female": 2, "medal": 0, "country": "TLS"}, {"participants": 6, "male": 3, "female": 3, "medal": 0, "country": "ALB"}, {"participants": 15, "male": 8, "female": 7, "medal": 0, "country": "LUX"}, {"participants": 10, "male": 7, "female": 3, "medal": 0, "country": "HAI"}, {"participants": 12, "male": 6, "female": 6, "medal": 0, "country": "BOL"}, {"participants": 67, "male": 34, "female": 33, "medal": 1, "country": "FIN"}, {"participants": 67, "male": 31, "female": 36, "medal": 5, "country": "TPE"}, {"participants": 6, "male": 5, "female": 1, "medal": 1, "country": "GRN"}, {"participants": 7, "male": 5, "female": 2, "medal": 0, "country": "ZAM"}, {"participants": 5, "male": 3, "female": 2, "medal": 0, "country": "MAW"}, {"participants": 38, "male": 13, "female": 25, "medal": 7, "country": "PRK"}, {"participants": 6, "male": 2, "female": 4, "medal": 0, "country": "CAM"}, {"participants": 7, "male": 5, "female": 2, "medal": 0, "country": "ISV"}, {"participants": 6, "male": 4, "female": 2, "medal": 0, "country": "MLI"}, {"participants": 5, "male": 2, "female": 3, "medal": 0, "country": "MHL"}, {"participants": 8, "male": 8, "female": 0, "medal": 0, "country": "MON"}, {"participants": 6, "male": 3, "female": 3, "medal": 0, "country": "PLW"}, {"participants": 28, "male": 12, "female": 16, "medal": 2, "country": "VIE"}, {"participants": 8, "male": 4, "female": 4, "medal": 0, "country": "BER"}, {"participants": 2, "male": 1, "female": 1, "medal": 0, "country": "DMA"}, {"participants": 1, "male": 1, "female": 0, "medal": 0, "country": "GEQ"}, {"participants": 7, "male": 4, "female": 3, "medal": 0, "country": "TGA"}, {"participants": 3, "male": 1, "female": 2, "medal": 0, "country": "SOL"}, {"participants": 10, "male": 6, "female": 4, "medal": 1, "country": "BDI"}, {"participants": 8, "male": 3, "female": 5, "medal": 1, "country": "KOS"}, {"participants": 14, "male": 4, "female": 10, "medal": 0, "country": "ISL"}, {"participants": 4, "male": 1, "female": 3, "medal": 0, "country": "IVB"}, {"participants": 3, "male": 2, "female": 1, "medal": 0, "country": "SSD"}, {"participants": 3, "male": 1, "female": 2, "medal": 0, "country": "LIE"}, {"participants": 7, "male": 5, "female": 2, "medal": 0, "country": "TAN"}, {"participants": 8, "male": 5, "female": 3, "medal": 0, "country": "MYA"}, {"participants": 5, "male": 3, "female": 2, "medal": 0, "country": "GUM"}, {"participants": 4, "male": 2, "female": 2, "medal": 0, "country": "MDV"}, {"participants": 4, "male": 2, "female": 2, "medal": 0, "country": "SLE"}, {"participants": 3, "male": 2, "female": 1, "medal": 0, "country": "BIZ"}, {"participants": 4, "male": 3, "female": 1, "medal": 0, "country": "ASA"}, {"participants": 4, "male": 2, "female": 2, "medal": 0, "country": "COD"}, {"participants": 2, "male": 0, "female": 2, "medal": 0, "country": "BHU"}, {"participants": 3, "male": 2, "female": 1, "medal": 0, "country": "KIR"}, {"participants": 5, "male": 3, "female": 2, "medal": 0, "country": "BUR"}, {"participants": 6, "male": 4, "female": 2, "medal": 0, "country": "SUR"}, {"participants": 3, "male": 2, "female": 1, "medal": 0, "country": "LBR"}, {"participants": 5, "male": 3, "female": 2, "medal": 0, "country": "NCA"}, {"participants": 9, "male": 8, "female": 1, "medal": 0, "country": "LES"}, {"participants": 4, "male": 4, "female": 0, "medal": 0, "country": "VAN"}, {"participants": 7, "male": 3, "female": 4, "medal": 0, "country": "ARU"}, {"participants": 2, "male": 1, "female": 1, "medal": 0, "country": "SWZ"}, {"participants": 2, "male": 1, "female": 1, "medal": 0, "country": "SOM"}, {"participants": 4, "male": 2, "female": 2, "medal": 0, "country": "SMR"}, {"participants": 1, "male": 1, "female": 0, "medal": 0, "country": "TUV"}]